id,fecha_hora,luz,temperatura,turbidez
1,2026-04-02 17:01:06.951213,1006.67,14.62,0
2,2026-04-02 17:02:37.260755,1000,14.62,0
3,2026-04-02 17:03:37.112272,988.33,14.69,0
4,2026-04-02 17:04:37.112221,968.33,14.62,3000
5,2026-04-02 17:05:37.111416,970.83,14.62,3000
6,2026-04-02 17:06:37.111701,909.17,14.69,3000
7,2026-04-02 17:07:37.107734,895.83,14.69,3000
8,2026-04-02 17:08:37.111891,536.67,14.69,3000
9,2026-04-02 17:09:37.107597,566.67,14.69,3000
10,2026-04-02 17:10:37.111097,665.83,14.69,3000
11,2026-04-02 17:11:37.111759,672.5,14.69,3000
12,2026-04-02 17:12:37.107556,672.5,14.69,3000
13,2026-04-02 17:13:37.112548,672.5,14.69,3000
14,2026-04-02 17:14:37.111755,672.5,14.69,3000
15,2026-04-02 17:15:37.11088,672.5,14.69,3000
16,2026-04-02 17:16:37.111892,672.5,14.69,3000
17,2026-04-02 17:17:37.111429,672.5,14.69,3000
18,2026-04-02 17:18:37.111954,672.5,14.69,3000
19,2026-04-02 17:19:37.112367,672.5,14.69,3000
20,2026-04-02 17:20:37.111778,672.5,14.69,3000
21,2026-04-02 17:21:37.107538,672.5,14.69,3000
22,2026-04-02 17:22:37.111611,672.5,14.69,3000
23,2026-04-02 17:23:37.112398,672.5,14.69,3000
24,2026-04-02 17:24:37.111654,672.5,14.69,3000
25,2026-04-02 17:25:37.111821,672.5,14.69,3000
26,2026-04-02 17:26:37.112687,672.5,14.69,3000
27,2026-04-02 17:27:37.111937,672.5,14.69,3000
28,2026-04-02 17:28:37.111812,672.5,14.69,3000
29,2026-04-02 17:29:37.110948,672.5,14.69,3000
30,2026-04-02 17:30:37.10789,672.5,14.69,3000
31,2026-04-02 17:31:37.112322,672.5,14.69,3000
32,2026-04-02 17:32:37.107643,672.5,14.69,3000
33,2026-04-02 17:33:37.111595,672.5,14.69,3000
34,2026-04-02 17:34:37.111673,672.5,14.69,3000
35,2026-04-02 17:35:37.107545,672.5,14.69,3000
36,2026-04-02 17:36:37.111865,672.5,14.69,3000
37,2026-04-02 17:37:37.111629,672.5,14.69,3000
38,2026-04-02 17:38:37.107552,672.5,14.69,3000
39,2026-04-02 17:39:37.110985,672.5,14.69,3000
40,2026-04-02 17:40:37.107911,672.5,14.69,3000
41,2026-04-02 17:41:37.110958,672.5,14.69,3000
42,2026-04-02 17:42:37.112066,672.5,14.69,3000
43,2026-04-02 17:43:37.111651,672.5,14.69,3000
44,2026-04-02 17:44:37.110992,672.5,14.69,3000
45,2026-04-02 17:45:37.107685,672.5,14.69,3000
46,2026-04-02 17:46:37.107726,672.5,14.69,3000
47,2026-04-02 17:47:37.110991,672.5,14.69,3000
48,2026-04-02 17:48:37.112232,672.5,14.69,3000
49,2026-04-02 17:49:37.10768,672.5,14.69,3000
50,2026-04-02 17:50:37.112169,672.5,14.69,3000
51,2026-04-02 17:51:37.111787,672.5,14.69,3000
52,2026-04-02 17:52:37.109091,672.5,14.69,3000
53,2026-04-02 17:53:37.11178,672.5,14.69,3000
54,2026-04-02 17:54:37.107645,672.5,14.69,3000
55,2026-04-02 17:55:37.110996,672.5,14.69,3000
56,2026-04-02 17:56:37.10769,672.5,14.69,3000
57,2026-04-02 17:57:37.112066,672.5,14.69,3000
58,2026-04-02 17:58:37.107638,672.5,14.69,3000
59,2026-04-02 17:59:37.107653,672.5,14.69,3000
60,2026-04-02 18:00:37.111409,672.5,14.69,3000
61,2026-04-02 18:01:37.107583,672.5,14.69,3000
62,2026-04-02 18:02:37.112379,672.5,14.69,3000
63,2026-04-02 18:03:37.11241,672.5,14.69,3000
64,2026-04-02 18:04:37.107557,672.5,14.69,3000
65,2026-04-02 18:05:37.110852,672.5,14.69,3000
66,2026-04-02 18:06:37.112303,672.5,14.69,3000
67,2026-04-02 18:07:37.107477,672.5,14.69,3000
68,2026-04-02 18:08:37.107485,672.5,14.69,3000
69,2026-04-02 18:09:37.107478,672.5,14.69,3000
70,2026-04-02 18:10:37.107951,672.5,14.69,3000
71,2026-04-02 18:11:37.110904,672.5,14.69,3000
72,2026-04-02 18:12:37.107543,672.5,14.69,3000
73,2026-04-02 18:13:37.112109,672.5,14.69,3000
74,2026-04-02 18:14:37.11255,672.5,14.69,3000
75,2026-04-02 18:15:37.111507,672.5,14.69,3000
76,2026-04-02 18:16:37.107568,672.5,14.69,3000
77,2026-04-02 18:17:37.107548,672.5,14.69,3000
78,2026-04-02 18:18:37.111026,672.5,14.69,3000
79,2026-04-02 18:19:37.107683,672.5,14.69,3000
80,2026-04-02 18:20:37.107681,672.5,14.69,3000
81,2026-04-02 18:21:37.112372,672.5,14.69,3000
82,2026-04-02 18:22:37.110435,672.5,14.69,3000
83,2026-04-02 18:23:37.112062,672.5,14.69,3000
84,2026-04-02 18:24:37.111438,672.5,14.69,3000
85,2026-04-02 18:25:37.107633,672.5,14.69,3000
86,2026-04-02 18:26:37.107695,672.5,14.69,3000
87,2026-04-02 18:27:37.112324,672.5,14.69,3000
88,2026-04-02 18:28:37.111982,672.5,14.69,3000
89,2026-04-02 18:29:37.112597,672.5,14.69,3000
90,2026-04-02 18:30:37.112044,672.5,14.69,3000
91,2026-04-02 18:31:37.111843,672.5,14.69,3000
92,2026-04-02 18:32:37.111771,672.5,14.69,3000
93,2026-04-02 18:33:37.111683,672.5,14.69,3000
94,2026-04-02 18:34:37.111644,672.5,14.69,3000
95,2026-04-02 18:35:37.111655,672.5,14.69,3000
96,2026-04-02 18:36:37.112549,672.5,14.69,3000
97,2026-04-02 18:37:37.111664,672.5,14.69,3000
98,2026-04-02 18:38:37.11228,672.5,14.69,3000
99,2026-04-02 18:39:37.111618,672.5,14.69,3000
100,2026-04-02 18:40:37.111812,672.5,14.69,3000
101,2026-04-02 18:41:37.107654,672.5,14.69,3000
102,2026-04-02 18:42:37.107726,672.5,14.69,3000
103,2026-04-02 18:43:37.107732,672.5,14.69,3000
104,2026-04-02 18:44:37.107701,672.5,14.69,3000
105,2026-04-02 18:45:37.111865,672.5,14.69,3000
106,2026-04-02 18:46:37.107567,672.5,14.69,3000
107,2026-04-02 18:47:37.110847,672.5,14.69,3000
108,2026-04-02 18:48:37.108862,672.5,14.69,3000
109,2026-04-02 18:49:37.10768,672.5,14.69,3000
110,2026-04-02 18:50:37.107653,672.5,14.69,3000
111,2026-04-02 18:51:37.107677,672.5,14.69,3000
112,2026-04-02 18:52:37.107946,672.5,14.69,3000
113,2026-04-02 18:53:37.107718,672.5,14.69,3000
114,2026-04-02 18:54:37.107952,672.5,14.69,3000
115,2026-04-02 18:55:37.108079,672.5,14.69,3000
116,2026-04-02 18:56:37.107858,672.5,14.69,3000
117,2026-04-02 18:57:37.107639,672.5,14.69,3000
118,2026-04-02 18:58:37.111134,672.5,14.69,3000
119,2026-04-02 18:59:37.109116,672.5,14.69,3000
120,2026-04-02 19:00:37.107726,672.5,14.69,3000
121,2026-04-02 19:01:37.107502,672.5,14.69,3000
122,2026-04-02 19:02:37.110955,672.5,14.69,3000
123,2026-04-02 19:03:37.112283,672.5,14.69,3000
124,2026-04-02 19:04:37.112097,672.5,14.69,3000
125,2026-04-02 19:05:37.112253,672.5,14.69,3000
126,2026-04-02 19:06:37.111615,672.5,14.69,3000
127,2026-04-02 19:07:37.111799,672.5,14.69,3000
128,2026-04-02 19:08:37.112587,672.5,14.69,3000
129,2026-04-02 19:09:37.112125,672.5,14.69,3000
130,2026-04-02 19:10:37.112407,672.5,14.69,3000
131,2026-04-02 19:11:37.107662,672.5,14.69,3000
132,2026-04-02 19:12:37.112153,672.5,14.69,3000
133,2026-04-02 19:13:37.111992,672.5,14.69,3000
134,2026-04-02 19:14:37.11194,672.5,14.69,3000
135,2026-04-02 19:15:37.111884,672.5,14.69,3000
136,2026-04-02 19:16:37.107552,672.5,14.69,3000
137,2026-04-02 19:17:37.11214,672.5,14.69,3000
138,2026-04-02 19:18:37.111608,672.5,14.69,3000
139,2026-04-02 19:19:37.112526,672.5,14.69,3000
140,2026-04-02 19:20:37.111817,672.5,14.69,3000
141,2026-04-02 19:21:37.107582,672.5,14.69,3000
142,2026-04-02 19:22:37.111793,672.5,14.69,3000
143,2026-04-02 19:23:37.111453,672.5,14.69,3000
144,2026-04-02 19:24:37.112178,672.5,14.69,3000
145,2026-04-02 19:25:37.111923,672.5,14.69,3000
146,2026-04-02 19:26:37.107647,672.5,14.69,3000
147,2026-04-02 19:27:37.11158,672.5,14.69,3000
148,2026-04-02 19:28:37.111999,672.5,14.69,3000
149,2026-04-02 19:29:37.110815,672.5,14.69,3000
150,2026-04-02 19:30:37.111819,672.5,14.69,3000
151,2026-04-02 19:31:37.111327,672.5,14.69,3000
152,2026-04-02 19:32:37.107635,672.5,14.69,3000
153,2026-04-02 19:33:37.107902,672.5,14.69,3000
154,2026-04-02 19:34:37.11238,672.5,14.69,3000
155,2026-04-02 19:35:37.111157,672.5,14.69,3000
156,2026-04-02 19:36:37.111572,672.5,14.69,3000
157,2026-04-02 19:37:37.112198,672.5,14.69,3000
158,2026-04-02 19:38:37.112552,672.5,14.69,3000
159,2026-04-02 19:39:37.111906,672.5,14.69,3000
160,2026-04-02 19:40:37.107577,672.5,14.69,3000
161,2026-04-02 19:41:37.112157,672.5,14.69,3000
162,2026-04-02 19:42:37.112089,672.5,14.69,3000
163,2026-04-02 19:43:37.112122,672.5,14.69,3000
164,2026-04-02 19:44:37.111958,672.5,14.69,3000
165,2026-04-02 19:45:37.111922,672.5,14.69,3000
166,2026-04-02 19:46:37.112556,672.5,14.69,3000
167,2026-04-02 19:47:37.112444,672.5,14.69,3000
168,2026-04-02 19:48:37.107695,672.5,14.69,3000
169,2026-04-02 19:49:37.108891,672.5,14.69,3000
170,2026-04-02 19:50:37.107692,672.5,14.69,3000
171,2026-04-02 19:51:37.110979,672.5,14.69,3000
172,2026-04-02 19:52:37.107648,672.5,14.69,3000
173,2026-04-02 19:53:37.10779,672.5,14.69,3000
174,2026-04-02 19:54:37.11185,672.5,14.69,3000
175,2026-04-02 19:55:37.112551,672.5,14.69,3000
176,2026-04-02 19:56:37.112499,672.5,14.69,3000
177,2026-04-02 19:57:37.107583,672.5,14.69,3000
178,2026-04-02 19:58:37.110869,672.5,14.69,3000
179,2026-04-02 19:59:37.112597,672.5,14.69,3000
180,2026-04-02 20:00:37.111829,672.5,14.69,3000
181,2026-04-02 20:01:37.111745,672.5,14.69,3000
182,2026-04-02 20:02:37.112107,672.5,14.69,3000
183,2026-04-02 20:03:37.112139,672.5,14.69,3000
184,2026-04-02 20:04:37.11184,672.5,14.69,3000
185,2026-04-02 20:05:37.110801,672.5,14.69,3000
186,2026-04-02 20:06:37.111641,672.5,14.69,3000
187,2026-04-02 20:07:37.112329,672.5,14.69,3000
188,2026-04-02 20:08:37.111017,672.5,14.69,3000
189,2026-04-02 20:09:37.107644,672.5,14.69,3000
190,2026-04-02 20:10:37.112317,672.5,14.69,3000
191,2026-04-02 20:11:37.110832,672.5,14.69,3000
192,2026-04-02 20:12:37.112233,672.5,14.69,3000
193,2026-04-02 20:13:37.112494,672.5,14.69,3000
194,2026-04-02 20:14:37.10828,672.5,14.69,3000
195,2026-04-02 20:15:37.111819,672.5,14.69,3000
196,2026-04-02 20:16:37.111602,672.5,14.69,3000
197,2026-04-02 20:17:37.107879,672.5,14.69,3000
198,2026-04-02 20:18:37.107953,672.5,14.69,3000
199,2026-04-02 20:19:37.110864,672.5,14.69,3000
200,2026-04-02 20:20:37.112437,672.5,14.69,3000
201,2026-04-02 20:21:37.11085,672.5,14.69,3000
202,2026-04-02 20:22:37.110961,672.5,14.69,3000
203,2026-04-02 20:23:37.111594,672.5,14.69,3000
204,2026-04-02 20:24:37.112326,672.5,14.69,3000
205,2026-04-02 20:25:37.112141,672.5,14.69,3000
206,2026-04-02 20:26:37.111872,672.5,14.69,3000
207,2026-04-02 20:27:37.108869,672.5,14.69,3000
208,2026-04-02 20:28:37.111639,672.5,14.69,3000
209,2026-04-02 20:29:37.112127,672.5,14.69,3000
210,2026-04-02 20:30:37.111799,672.5,14.69,3000
211,2026-04-02 20:31:37.111613,672.5,14.69,3000
212,2026-04-02 20:32:37.112335,672.5,14.69,3000
213,2026-04-02 20:33:37.111749,672.5,14.69,3000
214,2026-04-02 20:34:37.11208,672.5,14.69,3000
215,2026-04-02 20:35:37.112319,672.5,14.69,3000
216,2026-04-02 20:36:37.111845,672.5,14.69,3000
217,2026-04-02 20:37:37.11245,672.5,14.69,3000
218,2026-04-02 20:38:37.112618,672.5,14.69,3000
219,2026-04-02 20:39:37.11184,672.5,14.69,3000
220,2026-04-02 20:40:37.111989,672.5,14.69,3000
221,2026-04-02 20:41:37.111817,672.5,14.69,3000
222,2026-04-02 20:42:37.111557,672.5,14.69,3000
223,2026-04-02 20:43:37.11221,672.5,14.69,3000
224,2026-04-02 20:44:37.112439,672.5,14.69,3000
225,2026-04-02 20:45:37.11169,672.5,14.69,3000
226,2026-04-02 20:46:37.112165,672.5,14.69,3000
227,2026-04-02 20:47:37.112548,672.5,14.69,3000
228,2026-04-02 20:48:37.107638,672.5,14.69,3000
229,2026-04-02 20:49:37.107665,672.5,14.69,3000
230,2026-04-02 20:50:37.107633,672.5,14.69,3000
231,2026-04-02 20:51:37.111714,672.5,14.69,3000
232,2026-04-02 20:52:37.107555,672.5,14.69,3000
233,2026-04-02 20:53:37.110856,672.5,14.69,3000
234,2026-04-02 20:54:37.111566,672.5,14.69,3000
235,2026-04-02 20:55:37.111566,672.5,14.69,3000
236,2026-04-02 20:56:37.113381,672.5,14.69,3000
237,2026-04-02 20:57:37.11183,672.5,14.69,3000
238,2026-04-02 20:58:37.112046,672.5,14.69,3000
239,2026-04-02 20:59:37.111683,672.5,14.69,3000
240,2026-04-02 21:00:37.111907,672.5,14.69,3000
241,2026-04-02 21:01:37.111671,672.5,14.69,3000
242,2026-04-02 21:02:37.112356,672.5,14.69,3000
243,2026-04-02 21:03:37.111954,672.5,14.69,3000
244,2026-04-02 21:04:37.111807,672.5,14.69,3000
245,2026-04-02 21:05:37.111807,672.5,14.69,3000
246,2026-04-02 21:06:37.10758,672.5,14.69,3000
247,2026-04-02 21:07:37.107644,672.5,14.69,3000
248,2026-04-02 21:08:37.107657,672.5,14.69,3000
249,2026-04-02 21:09:37.110558,672.5,14.69,3000
250,2026-04-02 21:10:37.111963,672.5,14.69,3000
251,2026-04-02 21:11:37.112088,672.5,14.69,3000
252,2026-04-02 21:12:37.111951,672.5,14.69,3000
253,2026-04-02 21:13:37.111752,672.5,14.69,3000
254,2026-04-02 21:14:37.112267,672.5,14.69,3000
255,2026-04-02 21:15:37.107559,672.5,14.69,3000
256,2026-04-02 21:16:37.107708,672.5,14.69,3000
257,2026-04-02 21:17:37.111014,672.5,14.69,3000
258,2026-04-02 21:18:37.107259,672.5,14.69,3000
259,2026-04-02 21:19:37.107695,672.5,14.69,3000
260,2026-04-02 21:20:37.107206,672.5,14.69,3000
261,2026-04-02 21:21:37.112111,672.5,14.69,3000
262,2026-04-02 21:22:37.11178,672.5,14.69,3000
263,2026-04-02 21:23:37.107702,672.5,14.69,3000
264,2026-04-02 21:24:37.110783,672.5,14.69,3000
265,2026-04-02 21:25:37.112234,672.5,14.69,3000
266,2026-04-02 21:26:37.112396,672.5,14.69,3000
267,2026-04-02 21:27:37.112016,672.5,14.69,3000
268,2026-04-02 21:28:37.11209,672.5,14.69,3000
269,2026-04-02 21:29:37.11159,672.5,14.69,3000
270,2026-04-02 21:30:37.112054,672.5,14.69,3000
271,2026-04-02 21:31:37.107656,672.5,14.69,3000
272,2026-04-02 21:32:37.112571,672.5,14.69,3000
273,2026-04-02 21:33:37.107715,672.5,14.69,3000
274,2026-04-02 21:34:37.107657,672.5,14.69,3000
275,2026-04-02 21:35:37.107681,672.5,14.69,3000
276,2026-04-02 21:36:37.107692,672.5,14.69,3000
277,2026-04-02 21:37:37.10789,672.5,14.69,3000
278,2026-04-02 21:38:37.107389,672.5,14.69,3000
279,2026-04-02 21:39:37.107946,672.5,14.69,3000
280,2026-04-02 21:40:37.112113,672.5,14.69,3000
281,2026-04-02 21:41:37.111646,672.5,14.69,3000
282,2026-04-02 21:42:37.111928,672.5,14.69,3000
283,2026-04-02 21:43:37.107654,672.5,14.69,3000
284,2026-04-02 21:44:37.112218,672.5,14.69,3000
285,2026-04-02 21:45:37.10756,672.5,14.69,3000
286,2026-04-02 21:46:37.111476,672.5,14.69,3000
287,2026-04-02 21:47:37.107511,672.5,14.69,3000
288,2026-04-02 21:48:37.111869,672.5,14.69,3000
289,2026-04-02 21:49:37.112332,672.5,14.69,3000
290,2026-04-02 21:50:37.112417,672.5,14.69,3000
291,2026-04-02 21:51:37.112513,672.5,14.69,3000
292,2026-04-02 21:52:37.112454,672.5,14.69,3000
293,2026-04-02 21:53:37.112251,672.5,14.69,3000
294,2026-04-02 21:54:37.111988,672.5,14.69,3000
295,2026-04-02 21:55:37.110936,672.5,14.69,3000
296,2026-04-02 21:56:37.111933,672.5,14.69,3000
297,2026-04-02 21:57:37.108107,672.5,14.69,3000
298,2026-04-02 21:58:37.111442,672.5,14.69,3000
299,2026-04-02 21:59:37.107933,672.5,14.69,3000
300,2026-04-02 22:00:37.107935,672.5,14.69,3000
301,2026-04-02 22:01:37.10766,672.5,14.69,3000
302,2026-04-02 22:02:37.107527,672.5,14.69,3000
303,2026-04-02 22:03:37.107583,672.5,14.69,3000
304,2026-04-02 22:04:37.107671,672.5,14.69,3000
305,2026-04-02 22:05:37.107706,672.5,14.69,3000
306,2026-04-02 22:06:37.107916,672.5,14.69,3000
307,2026-04-02 22:07:37.112246,672.5,14.69,3000
308,2026-04-02 22:08:37.111694,672.5,14.69,3000
309,2026-04-02 22:09:37.111774,672.5,14.69,3000
310,2026-04-02 22:10:37.113807,672.5,14.69,3000
311,2026-04-02 22:11:37.111596,672.5,14.69,3000
312,2026-04-02 22:12:37.112451,672.5,14.69,3000
313,2026-04-02 22:13:37.112218,672.5,14.69,3000
314,2026-04-02 22:14:37.108727,672.5,14.69,3000
315,2026-04-02 22:15:37.111513,672.5,14.69,3000
316,2026-04-02 22:16:37.111763,672.5,14.69,3000
317,2026-04-02 22:17:37.107479,672.5,14.69,3000
318,2026-04-02 22:18:37.11186,672.5,14.69,3000
319,2026-04-02 22:19:37.110834,672.5,14.69,3000
320,2026-04-02 22:20:37.112267,672.5,14.69,3000
321,2026-04-02 22:21:37.107566,672.5,14.69,3000
322,2026-04-02 22:22:37.111679,672.5,14.69,3000
323,2026-04-02 22:23:37.112455,672.5,14.69,3000
324,2026-04-02 22:24:37.111967,672.5,14.69,3000
325,2026-04-02 22:25:37.107998,672.5,14.69,3000
326,2026-04-02 22:26:37.107685,672.5,14.69,3000
327,2026-04-02 22:27:37.107653,672.5,14.69,3000
328,2026-04-02 22:28:37.1077,672.5,14.69,3000
329,2026-04-02 22:29:37.111735,672.5,14.69,3000
330,2026-04-02 22:30:37.112171,672.5,14.69,3000
331,2026-04-02 22:31:37.107687,672.5,14.69,3000
332,2026-04-02 22:32:37.107642,672.5,14.69,3000
333,2026-04-02 22:33:37.110847,672.5,14.69,3000
334,2026-04-02 22:34:37.107561,672.5,14.69,3000
335,2026-04-02 22:35:37.111866,672.5,14.69,3000
336,2026-04-02 22:36:37.112431,672.5,14.69,3000
337,2026-04-02 22:37:37.112281,672.5,14.69,3000
338,2026-04-02 22:38:37.112315,672.5,14.69,3000
339,2026-04-02 22:39:37.111844,672.5,14.69,3000
340,2026-04-02 22:40:37.111874,672.5,14.69,3000
341,2026-04-02 22:41:37.111559,672.5,14.69,3000
342,2026-04-02 22:42:37.111564,672.5,14.69,3000
343,2026-04-02 22:43:37.112506,672.5,14.69,3000
344,2026-04-02 22:44:37.112487,672.5,14.69,3000
345,2026-04-02 22:45:37.11195,672.5,14.69,3000
346,2026-04-02 22:46:37.11293,672.5,14.69,3000
347,2026-04-02 22:47:37.107235,672.5,14.69,3000
348,2026-04-02 22:48:37.112103,672.5,14.69,3000
349,2026-04-02 22:49:37.107183,672.5,14.69,3000
350,2026-04-02 22:50:37.11267,672.5,14.69,3000
351,2026-04-02 22:51:37.111927,672.5,14.69,3000
352,2026-04-02 22:52:37.111669,672.5,14.69,3000
353,2026-04-02 22:53:37.112204,672.5,14.69,3000
354,2026-04-02 22:54:37.110632,672.5,14.69,3000
355,2026-04-02 22:55:37.11239,672.5,14.69,3000
356,2026-04-02 22:56:37.111413,672.5,14.69,3000
357,2026-04-02 22:57:37.11098,672.5,14.69,3000
358,2026-04-02 22:58:37.111552,672.5,14.69,3000
359,2026-04-02 22:59:37.111972,672.5,14.69,3000
360,2026-04-02 23:00:37.107712,672.5,14.69,3000
361,2026-04-02 23:01:37.107698,672.5,14.69,3000
362,2026-04-02 23:02:37.107558,672.5,14.69,3000
363,2026-04-02 23:03:37.107524,672.5,14.69,3000
364,2026-04-02 23:04:37.112495,672.5,14.69,3000
365,2026-04-02 23:05:37.112131,672.5,14.69,3000
366,2026-04-02 23:06:37.112388,672.5,14.69,3000
367,2026-04-02 23:07:37.112286,672.5,14.69,3000
368,2026-04-02 23:08:37.112429,672.5,14.69,3000
369,2026-04-02 23:09:37.110985,672.5,14.69,3000
370,2026-04-02 23:10:37.112258,672.5,14.69,3000
371,2026-04-02 23:11:37.112314,672.5,14.69,3000
372,2026-04-02 23:12:37.112753,672.5,14.69,3000
373,2026-04-02 23:13:37.107586,672.5,14.69,3000
374,2026-04-02 23:14:37.107657,672.5,14.69,3000
375,2026-04-02 23:15:37.11242,672.5,14.69,3000
376,2026-04-02 23:16:37.112275,672.5,14.69,3000
377,2026-04-02 23:17:37.112461,672.5,14.69,3000
378,2026-04-02 23:18:37.111003,672.5,14.69,3000
379,2026-04-02 23:19:37.112163,672.5,14.69,3000
380,2026-04-02 23:20:37.112223,672.5,14.69,3000
381,2026-04-02 23:21:37.112821,672.5,14.69,3000
382,2026-04-02 23:22:37.111982,672.5,14.69,3000
383,2026-04-02 23:23:37.111592,672.5,14.69,3000
384,2026-04-02 23:24:37.111538,672.5,14.69,3000
385,2026-04-02 23:25:37.111933,672.5,14.69,3000
386,2026-04-02 23:26:37.10812,672.5,14.69,3000
387,2026-04-02 23:27:37.112302,672.5,14.69,3000
388,2026-04-02 23:28:37.110989,672.5,14.69,3000
389,2026-04-02 23:29:37.112541,672.5,14.69,3000
390,2026-04-02 23:30:37.11232,672.5,14.69,3000
391,2026-04-02 23:31:37.11269,672.5,14.69,3000
392,2026-04-02 23:32:37.112562,672.5,14.69,3000
393,2026-04-02 23:33:37.111782,672.5,14.69,3000
394,2026-04-02 23:34:37.112261,672.5,14.69,3000
395,2026-04-02 23:35:37.11213,672.5,14.69,3000
396,2026-04-02 23:36:37.113047,672.5,14.69,3000
397,2026-04-02 23:37:37.107463,672.5,14.69,3000
398,2026-04-02 23:38:37.110867,672.5,14.69,3000
399,2026-04-02 23:39:37.111533,672.5,14.69,3000
400,2026-04-02 23:40:37.112263,672.5,14.69,3000
401,2026-04-02 23:41:37.112746,672.5,14.69,3000
402,2026-04-02 23:42:37.112088,672.5,14.69,3000
403,2026-04-02 23:43:37.112429,672.5,14.69,3000
404,2026-04-02 23:44:37.111604,672.5,14.69,3000
405,2026-04-02 23:45:37.110851,672.5,14.69,3000
406,2026-04-02 23:46:37.109805,672.5,14.69,3000
407,2026-04-02 23:47:37.111692,672.5,14.69,3000
408,2026-04-02 23:48:37.11242,672.5,14.69,3000
409,2026-04-02 23:49:37.10984,672.5,14.69,3000
410,2026-04-02 23:50:37.111618,672.5,14.69,3000
411,2026-04-02 23:51:37.11257,672.5,14.69,3000
412,2026-04-02 23:52:37.112585,672.5,14.69,3000
413,2026-04-02 23:53:37.111572,672.5,14.69,3000
414,2026-04-02 23:54:37.111879,672.5,14.69,3000
415,2026-04-02 23:55:37.111579,672.5,14.69,3000
416,2026-04-02 23:56:37.111813,672.5,14.69,3000
417,2026-04-02 23:57:37.111649,672.5,14.69,3000
418,2026-04-02 23:58:37.111554,672.5,14.69,3000
419,2026-04-02 23:59:37.112411,672.5,14.69,3000
420,2026-04-03 00:00:37.112031,672.5,14.69,3000
421,2026-04-03 00:01:37.111485,672.5,14.69,3000
422,2026-04-03 00:02:37.111561,672.5,14.69,3000
423,2026-04-03 00:03:37.112573,672.5,14.69,3000
424,2026-04-03 00:04:37.10756,672.5,14.69,3000
425,2026-04-03 00:05:37.107697,672.5,14.69,3000
426,2026-04-03 00:06:37.107705,672.5,14.69,3000
427,2026-04-03 00:07:37.107675,672.5,14.69,3000
428,2026-04-03 00:08:37.107683,672.5,14.69,3000
429,2026-04-03 00:09:37.120876,672.5,14.69,3000
430,2026-04-03 00:10:37.112032,672.5,14.69,3000
431,2026-04-03 00:11:37.10758,672.5,14.69,3000
432,2026-04-03 00:12:37.110992,672.5,14.69,3000
433,2026-04-03 00:13:37.112473,672.5,14.69,3000
434,2026-04-03 00:14:37.112242,672.5,14.69,3000
435,2026-04-03 00:15:37.112958,672.5,14.69,3000
436,2026-04-03 00:16:37.107594,672.5,14.69,3000
437,2026-04-03 00:17:37.107572,672.5,14.69,3000
438,2026-04-03 00:18:37.107184,672.5,14.69,3000
439,2026-04-03 00:19:37.11195,672.5,14.69,3000
440,2026-04-03 00:20:37.11177,672.5,14.69,3000
441,2026-04-03 00:21:37.112567,672.5,14.69,3000
442,2026-04-03 00:22:37.111712,672.5,14.69,3000
443,2026-04-03 00:23:37.11221,672.5,14.69,3000
444,2026-04-03 00:24:37.112555,672.5,14.69,3000
445,2026-04-03 00:25:37.111822,672.5,14.69,3000
446,2026-04-03 00:26:37.111796,672.5,14.69,3000
447,2026-04-03 00:27:37.11188,672.5,14.69,3000
448,2026-04-03 00:28:37.112154,672.5,14.69,3000
449,2026-04-03 00:29:37.1122,672.5,14.69,3000
450,2026-04-03 00:30:37.111979,672.5,14.69,3000
451,2026-04-03 00:31:37.112603,672.5,14.69,3000
452,2026-04-03 00:32:37.112251,672.5,14.69,3000
453,2026-04-03 00:33:37.11162,672.5,14.69,3000
454,2026-04-03 00:34:37.1116,672.5,14.69,3000
455,2026-04-03 00:35:37.111547,672.5,14.69,3000
456,2026-04-03 00:36:37.112342,672.5,14.69,3000
457,2026-04-03 00:37:37.112207,672.5,14.69,3000
458,2026-04-03 00:38:37.112268,672.5,14.69,3000
459,2026-04-03 00:39:37.112314,672.5,14.69,3000
460,2026-04-03 00:40:37.111614,672.5,14.69,3000
461,2026-04-03 00:41:37.112529,672.5,14.69,3000
462,2026-04-03 00:42:37.112723,672.5,14.69,3000
463,2026-04-03 00:43:37.110953,672.5,14.69,3000
464,2026-04-03 00:44:37.11177,672.5,14.69,3000
465,2026-04-03 00:45:37.111605,672.5,14.69,3000
466,2026-04-03 00:46:37.112127,672.5,14.69,3000
467,2026-04-03 00:47:37.107579,672.5,14.69,3000
468,2026-04-03 00:48:37.112392,672.5,14.69,3000
469,2026-04-03 00:49:37.111629,672.5,14.69,3000
470,2026-04-03 00:50:37.112265,672.5,14.69,3000
471,2026-04-03 00:51:37.111792,672.5,14.69,3000
472,2026-04-03 00:52:37.107572,672.5,14.69,3000
473,2026-04-03 00:53:37.11088,672.5,14.69,3000
474,2026-04-03 00:54:37.107567,672.5,14.69,3000
475,2026-04-03 00:55:37.112487,672.5,14.69,3000
476,2026-04-03 00:56:37.111428,672.5,14.69,3000
477,2026-04-03 00:57:37.111721,672.5,14.69,3000
478,2026-04-03 00:58:37.111644,672.5,14.69,3000
479,2026-04-03 00:59:37.111708,672.5,14.69,3000
480,2026-04-03 01:00:37.111706,672.5,14.69,3000
481,2026-04-03 01:01:37.112406,672.5,14.69,3000
482,2026-04-03 01:02:37.112337,672.5,14.69,3000
483,2026-04-03 01:03:37.112284,672.5,14.69,3000
484,2026-04-03 01:04:37.107629,672.5,14.69,3000
485,2026-04-03 01:05:37.111594,672.5,14.69,3000
486,2026-04-03 01:06:37.111519,672.5,14.69,3000
487,2026-04-03 01:07:37.107998,176.67,14.69,0
488,2026-04-03 01:08:37.107763,112.5,14.69,501.84
489,2026-04-03 01:09:37.107244,124.17,14.69,0
490,2026-04-03 01:10:37.107963,124.17,14.75,0
491,2026-04-03 01:11:37.112976,133.33,14.69,626.57
492,2026-04-03 01:12:37.107661,133.33,14.69,626.57
493,2026-04-03 01:13:37.107667,88.33,14.75,0
494,2026-04-03 01:14:37.108004,87.5,14.75,0
495,2026-04-03 01:15:37.11167,121.67,14.75,327.78
496,2026-04-03 01:16:37.107654,121.67,14.75,327.78
497,2026-04-03 01:17:37.107575,121.67,14.75,327.78
498,2026-04-03 01:18:37.110843,121.67,14.75,327.78
499,2026-04-03 01:19:37.107587,100.83,14.75,3000
500,2026-04-03 01:20:37.112256,104.17,14.75,3000
501,2026-04-03 01:21:37.107759,104.17,14.75,3000
502,2026-04-03 01:22:37.111633,82.5,14.75,0
503,2026-04-03 01:23:37.111891,81.67,14.75,0
504,2026-04-03 01:24:37.112093,80.83,14.75,0
505,2026-04-03 01:25:37.107749,81.67,14.75,0
506,2026-04-03 01:26:37.111771,81.67,14.75,0
507,2026-04-03 01:27:37.112385,81.67,14.75,0
508,2026-04-03 01:28:37.111851,80.83,14.75,0
509,2026-04-03 01:29:37.112357,83.33,14.75,0
510,2026-04-03 01:30:37.110881,53.33,14.81,0
511,2026-04-03 01:31:37.112302,53.33,14.88,0
512,2026-04-03 01:32:37.11082,53.33,14.94,0
513,2026-04-03 01:33:37.112123,215.83,14.94,0
514,2026-04-03 01:34:37.112074,14.17,14.94,0
515,2026-04-03 01:35:37.111976,10,14.94,55.71
516,2026-04-03 01:36:37.107589,10,14.94,0
517,2026-04-03 01:37:37.111645,22.5,14.94,0
518,2026-04-03 01:38:37.107526,22.5,14.94,0
519,2026-04-03 01:39:37.109768,17.5,14.94,0
520,2026-04-03 01:40:37.10815,14125.83,14.94,0
521,2026-04-03 01:41:37.109666,17.5,14.94,0
522,2026-04-03 01:42:37.112016,16.67,14.94,0
523,2026-04-03 01:43:37.112145,16.67,14.94,0
524,2026-04-03 01:44:37.107539,16.67,14.94,0
525,2026-04-03 01:45:37.111593,16.67,14.94,0
526,2026-04-03 01:46:37.107457,0,15.56,0
527,2026-04-03 01:47:37.109724,14.17,15.75,0
528,2026-04-03 01:48:37.110395,0,15.75,0
529,2026-04-03 01:49:37.109866,20,15.69,0
530,2026-04-03 01:50:37.107778,15,15.69,0
531,2026-04-03 01:51:37.111375,19.17,15.75,0
532,2026-04-03 01:52:37.111407,20.83,15.75,0
533,2026-04-03 01:53:37.111279,20,15.81,0
534,2026-04-03 01:54:37.11038,21.67,15.81,0
535,2026-04-03 01:55:37.107495,21.67,15.88,0
536,2026-04-03 01:56:37.110858,21.67,15.88,0
537,2026-04-03 01:57:37.11213,21.67,16.06,0
538,2026-04-03 01:58:37.112248,18.33,16.06,0
539,2026-04-03 01:59:37.111835,20.83,16.12,0
540,2026-04-03 02:00:37.107635,19.17,16.06,0
541,2026-04-03 02:01:37.107576,21.67,16.12,0
542,2026-04-03 02:02:37.107588,20.83,16.19,0
543,2026-04-03 02:03:37.107592,20.83,16.25,0
544,2026-04-03 02:04:37.111928,19.17,16.25,0
545,2026-04-03 02:05:37.111922,21.67,16.31,0
546,2026-04-03 02:06:37.1114,20.83,16.31,0
547,2026-04-03 02:07:37.111313,20.83,16.38,0
548,2026-04-03 02:08:37.111905,20.83,16.38,0
549,2026-04-03 02:09:37.112254,20.83,16.44,0
550,2026-04-03 02:10:37.108208,20.83,16.44,0
551,2026-04-03 02:11:37.107383,20.83,16.44,0
552,2026-04-03 02:12:37.111354,20.83,16.5,0
553,2026-04-03 02:13:37.112197,20.83,16.56,0
554,2026-04-03 02:14:37.107633,20.83,16.56,0
555,2026-04-03 02:15:37.110734,20.83,16.62,0
556,2026-04-03 02:16:37.111007,20.83,16.69,0
557,2026-04-03 02:17:37.11087,21.67,16.69,0
558,2026-04-03 02:18:37.108047,21.67,16.75,0
559,2026-04-03 02:19:37.11151,20.83,16.75,0
560,2026-04-03 02:20:37.112088,20.83,16.81,0
561,2026-04-03 02:21:37.107502,21.67,16.88,0
562,2026-04-03 02:22:37.112582,20.83,16.88,0
563,2026-04-03 02:23:37.107574,20.83,16.94,0
564,2026-04-03 02:24:37.110854,20.83,16.94,0
565,2026-04-03 02:25:37.112043,21.67,17,0
566,2026-04-03 02:26:37.111684,20.83,17,0
567,2026-04-03 02:27:37.112304,20.83,17.06,0
568,2026-04-03 02:28:37.11225,21.67,17.06,0
569,2026-04-03 02:29:37.111882,21.67,17.12,0
570,2026-04-03 02:30:37.112547,20.83,17.19,0
571,2026-04-03 02:31:37.112425,20.83,17.19,0
572,2026-04-03 02:32:37.112234,20.83,17.25,0
573,2026-04-03 02:33:37.107509,20.83,17.31,0
574,2026-04-03 02:34:37.11083,20.83,17.31,0
575,2026-04-03 02:35:37.112387,20.83,17.31,0
576,2026-04-03 02:36:37.112173,16.67,18.94,0
577,2026-04-03 02:37:37.11239,21.67,18.06,0
578,2026-04-03 02:38:37.107458,21.67,18.19,0
579,2026-04-03 02:39:37.11197,21.67,18.06,0
580,2026-04-03 02:40:37.11327,20.83,18.06,0
581,2026-04-03 02:41:37.111394,21.67,18.12,0
582,2026-04-03 02:42:37.1076,21.67,18.12,0
583,2026-04-03 02:43:37.111745,20.83,18.12,0
584,2026-04-03 02:44:37.111643,20.83,18.19,0
585,2026-04-03 02:45:37.112229,20.83,18.19,0
586,2026-04-03 02:46:37.112036,21.67,18.19,0
587,2026-04-03 02:47:37.111785,21.67,18.31,0
588,2026-04-03 02:48:37.111458,21.67,18.25,0
589,2026-04-03 02:49:37.112022,20.83,18.31,0
590,2026-04-03 02:50:37.11094,21.67,18.31,0
591,2026-04-03 02:51:37.112348,21.67,18.31,0
592,2026-04-03 02:52:37.112202,20.83,18.38,0
593,2026-04-03 02:53:37.112282,21.67,18.38,0
594,2026-04-03 02:54:37.111616,21.67,18.44,0
595,2026-04-03 02:55:37.11198,20.83,18.44,0
596,2026-04-03 02:56:37.107977,21.67,18.5,0
597,2026-04-03 02:57:37.111455,21.67,18.5,0
598,2026-04-03 02:58:37.111898,20.83,18.56,0
599,2026-04-03 02:59:37.111277,20.83,18.5,0
600,2026-04-03 03:00:37.111956,21.67,18.56,0
601,2026-04-03 03:01:37.111965,21.67,18.56,0
602,2026-04-03 03:02:37.112286,20.83,18.62,0
603,2026-04-03 03:03:37.110862,20.83,18.62,0
604,2026-04-03 03:04:37.112373,21.67,18.69,0
605,2026-04-03 03:05:37.110837,20.83,18.69,0
606,2026-04-03 03:06:37.112098,20.83,18.75,0
607,2026-04-03 03:07:37.111814,20.83,18.75,0
608,2026-04-03 03:08:37.111637,21.67,18.81,0
609,2026-04-03 03:09:37.112115,21.67,18.81,0
610,2026-04-03 03:10:37.111554,20.83,18.81,0
611,2026-04-03 03:11:37.107602,20.83,18.81,0
612,2026-04-03 03:12:37.111751,21.67,18.88,0
613,2026-04-03 03:13:37.10752,20.83,18.88,0
614,2026-04-03 03:14:37.11201,20.83,18.94,0
615,2026-04-03 03:15:37.107756,21.67,19,0
616,2026-04-03 03:16:37.107555,21.67,19,0
617,2026-04-03 03:17:37.111976,20.83,19,0
618,2026-04-03 03:18:37.11224,20.83,19,0
619,2026-04-03 03:19:37.112095,21.67,19.06,0
620,2026-04-03 03:20:37.111553,20.83,19.06,0
621,2026-04-03 03:21:37.111567,21.67,19.12,0
622,2026-04-03 03:22:37.111299,21.67,19.12,0
623,2026-04-03 03:23:37.112248,21.67,19.12,0
624,2026-04-03 03:24:37.112037,20.83,19.19,0
625,2026-04-03 03:25:37.10756,20.83,19.19,0
626,2026-04-03 03:26:37.111206,21.67,19.19,0
627,2026-04-03 03:27:37.107508,20.83,19.25,0
628,2026-04-03 03:28:37.107591,20.83,19.25,0
629,2026-04-03 03:29:37.107581,20.83,19.25,0
630,2026-04-03 03:30:37.111464,21.67,19.31,0
631,2026-04-03 03:31:37.112088,21.67,19.38,0
632,2026-04-03 03:32:37.110758,20.83,19.38,0
633,2026-04-03 03:33:37.112359,20.83,19.38,0
634,2026-04-03 03:34:37.107609,20.83,19.44,0
635,2026-04-03 03:35:37.107543,20.83,19.44,0
636,2026-04-03 03:36:37.111622,20.83,19.44,0
637,2026-04-03 03:37:37.107634,21.67,19.5,0
638,2026-04-03 03:38:37.112153,20.83,19.5,0
639,2026-04-03 03:39:37.107536,20.83,19.5,0
640,2026-04-03 03:40:37.111836,20.83,19.56,0
641,2026-04-03 03:41:37.107619,21.67,19.56,0
642,2026-04-03 03:42:37.111723,21.67,19.56,0
643,2026-04-03 03:43:37.112103,20.83,19.62,0
644,2026-04-03 03:44:37.112063,20.83,19.62,0
645,2026-04-03 03:45:37.112288,21.67,19.62,0
646,2026-04-03 03:46:37.110753,20.83,19.62,0
647,2026-04-03 03:47:37.111466,20.83,19.69,0
648,2026-04-03 03:48:37.107632,20.83,19.69,0
649,2026-04-03 03:49:37.111861,21.67,19.75,0
650,2026-04-03 03:50:37.112191,20.83,19.75,0
651,2026-04-03 03:51:37.107508,20.83,19.75,0
652,2026-04-03 03:52:37.112232,20.83,19.75,0
653,2026-04-03 03:53:37.111854,21.67,19.81,0
654,2026-04-03 03:54:37.110935,20.83,19.81,0
655,2026-04-03 03:55:37.112143,20.83,19.81,0
656,2026-04-03 03:56:37.112207,20.83,19.81,0
657,2026-04-03 03:57:37.110846,21.67,19.88,0
658,2026-04-03 03:58:37.107572,20.83,19.88,0
659,2026-04-03 03:59:37.107557,21.67,19.94,0
660,2026-04-03 04:00:37.107558,21.67,19.94,0
661,2026-04-03 04:01:37.11075,20.83,19.94,0
662,2026-04-03 04:02:37.112245,20.83,19.94,0
663,2026-04-03 04:03:37.107578,20.83,20,0
664,2026-04-03 04:04:37.107581,20.83,20,0
665,2026-04-03 04:05:37.112161,0,20,0
666,2026-04-03 04:06:37.111738,0,20.06,0
667,2026-04-03 04:07:37.107608,0,20.06,0
668,2026-04-03 04:08:37.107618,0,20.12,0
669,2026-04-03 04:09:37.11154,0,20.12,0
670,2026-04-03 04:10:37.107619,0,20.12,0
671,2026-04-03 04:11:37.107608,0,20.12,0
672,2026-04-03 04:12:37.111037,0,20.19,0
673,2026-04-03 04:13:37.112384,0,20.19,0
674,2026-04-03 04:14:37.110889,0,20.19,0
675,2026-04-03 04:15:37.112269,0,20.19,0
676,2026-04-03 04:16:37.112302,0,20.25,0
677,2026-04-03 04:17:37.107529,0,20.25,0
678,2026-04-03 04:18:37.111449,0,20.25,0
679,2026-04-03 04:19:37.112063,0,20.31,0
680,2026-04-03 04:20:37.108122,0,20.31,0
681,2026-04-03 04:21:37.107566,0,20.31,0
682,2026-04-03 04:22:37.108762,0,20.31,0
683,2026-04-03 04:23:37.107588,0,20.31,0
684,2026-04-03 04:24:37.107634,0,20.31,0
685,2026-04-03 04:25:37.111973,0,20.38,0
686,2026-04-03 04:26:37.10767,0,20.38,0
687,2026-04-03 04:27:37.112212,0,20.38,0
688,2026-04-03 04:28:37.113949,0,20.44,0
689,2026-04-03 04:29:37.108461,0,20.44,0
690,2026-04-03 04:30:37.10757,0,20.44,0
691,2026-04-03 04:31:37.112328,0,20.5,0
692,2026-04-03 04:32:37.111571,0,20.44,0
693,2026-04-03 04:33:37.111992,0,20.5,0
694,2026-04-03 04:34:37.107573,0,20.5,0
695,2026-04-03 04:35:37.111816,0,20.5,0
696,2026-04-03 04:36:37.111799,0,20.56,0
697,2026-04-03 04:37:37.107552,0,20.56,0
698,2026-04-03 04:38:37.11095,0,20.56,0
699,2026-04-03 04:39:37.107548,0,20.56,0
700,2026-04-03 04:40:37.107554,0,20.62,0
701,2026-04-03 04:41:37.111774,0,20.62,0
702,2026-04-03 04:42:37.110852,0,20.62,0
703,2026-04-03 04:43:37.107495,0,20.62,0
704,2026-04-03 04:44:37.111734,0,20.69,0
705,2026-04-03 04:45:37.110874,0,20.69,0
706,2026-04-03 04:46:37.110372,0,20.69,0
707,2026-04-03 04:47:37.112005,0,20.69,0
708,2026-04-03 04:48:37.107579,0,20.69,0
709,2026-04-03 04:49:37.112523,0,20.75,0
710,2026-04-03 04:50:37.107598,0,20.75,0
711,2026-04-03 04:51:37.112113,0,20.75,0
712,2026-04-03 04:52:37.10753,0,20.75,0
713,2026-04-03 04:53:37.107666,0,20.75,0
714,2026-04-03 04:54:37.107523,0,20.81,0
715,2026-04-03 04:55:37.107503,0,20.81,0
716,2026-04-03 04:56:37.109307,0,20.81,0
717,2026-04-03 04:57:37.107602,0,20.81,0
718,2026-04-03 04:58:37.111979,0,20.81,0
719,2026-04-03 04:59:37.107504,0,20.88,0
720,2026-04-03 05:00:37.111054,0,20.88,0
721,2026-04-03 05:01:37.112609,0,20.88,0
722,2026-04-03 05:02:37.10758,0,20.88,0
723,2026-04-03 05:03:37.111892,0,20.88,0
724,2026-04-03 05:04:37.107563,0,20.94,0
725,2026-04-03 05:05:37.107804,0,20.94,0
726,2026-04-03 05:06:37.111929,0,20.94,0
727,2026-04-03 05:07:37.108976,0,21,0
728,2026-04-03 05:08:37.110235,0,21,0
729,2026-04-03 05:09:37.111532,0,20.94,0
730,2026-04-03 05:10:37.111883,0,21,0
731,2026-04-03 05:11:37.111706,0,21,0
732,2026-04-03 05:12:37.110878,0,21,0
733,2026-04-03 05:13:37.112056,0,21,0
734,2026-04-03 05:14:37.111291,0,21.06,0
735,2026-04-03 05:15:37.107514,0,21.06,0
736,2026-04-03 05:16:37.111779,0,21.06,0
737,2026-04-03 05:17:37.107528,0,21.06,0
738,2026-04-03 05:18:37.107555,0,21.06,0
739,2026-04-03 05:19:37.107499,0,21.06,0
740,2026-04-03 05:20:37.111064,0,21.12,0
741,2026-04-03 05:21:37.110838,0,21.12,0
742,2026-04-03 05:22:37.111569,0,21.12,0
743,2026-04-03 05:23:37.107568,0,21.12,0
744,2026-04-03 05:24:37.110812,0,21.12,0
745,2026-04-03 05:25:37.112032,0,21.19,0
746,2026-04-03 05:26:37.11217,0,21.19,0
747,2026-04-03 05:27:37.111046,0,21.19,0
748,2026-04-03 05:28:37.10765,0,21.19,0
749,2026-04-03 05:29:37.111449,0,21.19,0
750,2026-04-03 05:30:37.11149,0,21.19,0
751,2026-04-03 05:31:37.112214,0,21.19,0
752,2026-04-03 05:32:37.112356,0,21.25,0
753,2026-04-03 05:33:37.109992,0,21.25,0
754,2026-04-03 05:34:37.107635,0,21.25,0
755,2026-04-03 05:35:37.11175,0,21.25,0
756,2026-04-03 05:36:37.111084,0,21.25,0
757,2026-04-03 05:37:37.112099,0,21.25,0
758,2026-04-03 05:38:37.10756,0,21.25,0
759,2026-04-03 05:39:37.112462,0,21.25,0
760,2026-04-03 05:40:37.11104,0,21.31,0
761,2026-04-03 05:41:37.111526,0,21.31,0
762,2026-04-03 05:42:37.112321,0,21.31,0
763,2026-04-03 05:43:37.111774,0,21.31,0
764,2026-04-03 05:44:37.112119,0,21.31,0
765,2026-04-03 05:45:37.112184,0,21.31,0
766,2026-04-03 05:46:37.112716,0,21.31,0
767,2026-04-03 05:47:37.110855,0,21.31,0
768,2026-04-03 05:48:37.107614,0,21.38,0
769,2026-04-03 05:49:37.112391,0,21.38,0
770,2026-04-03 05:50:37.108775,0,21.38,0
771,2026-04-03 05:51:37.110087,0,21.38,0
772,2026-04-03 05:52:37.111809,0,21.38,0
773,2026-04-03 05:53:37.107764,0,21.44,0
774,2026-04-03 05:54:37.112023,0,21.44,0
775,2026-04-03 05:55:37.112207,0,21.44,0
776,2026-04-03 05:56:37.107798,0,21.44,0
777,2026-04-03 05:57:37.112539,0,21.44,0
778,2026-04-03 05:58:37.110872,0,21.44,0
779,2026-04-03 05:59:37.11182,0,21.44,0
780,2026-04-03 06:00:37.112162,0,21.5,0
781,2026-04-03 06:01:37.112192,0,21.5,0
782,2026-04-03 06:02:37.107493,0,21.5,0
783,2026-04-03 06:03:37.110893,0,21.5,0
784,2026-04-03 06:04:37.107627,0,21.5,0
785,2026-04-03 06:05:37.107543,0,21.5,0
786,2026-04-03 06:06:37.111681,0,21.5,0
787,2026-04-03 06:07:37.107543,0,21.56,0
788,2026-04-03 06:08:37.110464,0,21.56,0
789,2026-04-03 06:09:37.11235,0,21.56,0
790,2026-04-03 06:10:37.111534,0,21.56,0
791,2026-04-03 06:11:37.112267,0,21.56,0
792,2026-04-03 06:12:37.107617,0,21.56,0
793,2026-04-03 06:13:37.107845,0,21.56,0
794,2026-04-03 06:14:37.107536,0,21.56,0
795,2026-04-03 06:15:37.107704,0,21.56,0
796,2026-04-03 06:16:37.107614,0,21.62,0
797,2026-04-03 06:17:37.112246,0,21.56,0
798,2026-04-03 06:18:37.110776,0,21.56,0
799,2026-04-03 06:19:37.112021,0,21.62,0
800,2026-04-03 06:20:37.107596,0,21.56,0
801,2026-04-03 06:21:37.111497,0,21.62,0
802,2026-04-03 06:22:37.107484,0,21.62,0
803,2026-04-03 06:23:37.107766,0,21.62,0
804,2026-04-03 06:24:37.108038,0,21.62,0
805,2026-04-03 06:25:37.108922,0,21.62,0
806,2026-04-03 06:26:37.111981,0,21.69,0
807,2026-04-03 06:27:37.114386,0,21.69,0
808,2026-04-03 06:28:37.112166,0,21.69,0
809,2026-04-03 06:29:37.112101,0,21.62,0
810,2026-04-03 06:30:37.107991,0,21.69,0
811,2026-04-03 06:31:37.112252,0,21.69,0
812,2026-04-03 06:32:37.111563,0,21.69,0
813,2026-04-03 06:33:37.112387,0,21.69,0
814,2026-04-03 06:34:37.111908,0,21.75,0
815,2026-04-03 06:35:37.112284,0,21.75,0
816,2026-04-03 06:36:37.112379,0,21.75,0
817,2026-04-03 06:37:37.111884,0,21.75,0
818,2026-04-03 06:38:37.111572,0,21.75,0
819,2026-04-03 06:39:37.11079,0,21.75,0
820,2026-04-03 06:40:37.111491,0,21.75,0
821,2026-04-03 06:41:37.112352,0,21.75,0
822,2026-04-03 06:42:37.11197,0,21.75,0
823,2026-04-03 06:43:37.111447,0,21.75,0
824,2026-04-03 06:44:37.107751,0,21.75,0
825,2026-04-03 06:45:37.112021,0,21.81,0
826,2026-04-03 06:46:37.112193,0,21.81,0
827,2026-04-03 06:47:37.111405,0,21.81,0
828,2026-04-03 06:48:37.111662,0,21.75,0
829,2026-04-03 06:49:37.107532,0,21.81,0
830,2026-04-03 06:50:37.107523,0,21.81,0
831,2026-04-03 06:51:37.107526,0,21.81,0
832,2026-04-03 06:52:37.112016,0,21.81,0
833,2026-04-03 06:53:37.107493,0,21.81,0
834,2026-04-03 06:54:37.111491,0,21.81,0
835,2026-04-03 06:55:37.112029,0,21.81,0
836,2026-04-03 06:56:37.110869,0,21.81,0
837,2026-04-03 06:57:37.111503,0,21.81,0
838,2026-04-03 06:58:37.107702,0,21.81,0
839,2026-04-03 06:59:37.10763,0,21.88,0
840,2026-04-03 07:00:37.112195,0,21.81,0
841,2026-04-03 07:01:37.107578,0,21.88,0
842,2026-04-03 07:02:37.107717,0,21.88,0
843,2026-04-03 07:03:37.107613,0,21.88,0
844,2026-04-03 07:04:37.107531,0,21.88,0
845,2026-04-03 07:05:37.112605,0,21.88,0
846,2026-04-03 07:06:37.109054,0,21.88,0
847,2026-04-03 07:07:37.107562,0,21.88,0
848,2026-04-03 07:08:37.111961,0,21.88,0
849,2026-04-03 07:09:37.107673,0,21.88,0
850,2026-04-03 07:10:37.111628,0,21.88,0
851,2026-04-03 07:11:37.111001,0,21.88,0
852,2026-04-03 07:12:37.107733,0,21.88,0
853,2026-04-03 07:13:37.111004,0,21.94,0
854,2026-04-03 07:14:37.110831,0,21.94,0
855,2026-04-03 07:15:37.112022,0,21.94,0
856,2026-04-03 07:16:37.10754,0,21.94,0
857,2026-04-03 07:17:37.11196,0,21.94,0
858,2026-04-03 07:18:37.107554,0,21.94,0
859,2026-04-03 07:19:37.111713,0,21.94,0
860,2026-04-03 07:20:37.111457,0,21.94,0
861,2026-04-03 07:21:37.11144,0,21.94,0
862,2026-04-03 07:22:37.112387,0,21.94,0
863,2026-04-03 07:23:37.11242,0,21.94,0
864,2026-04-03 07:24:37.111687,0,21.94,0
865,2026-04-03 07:25:37.111479,0,21.94,0
866,2026-04-03 07:26:37.112357,0,21.94,0
867,2026-04-03 07:27:37.111641,0,21.94,0
868,2026-04-03 07:28:37.110662,0,21.94,0
869,2026-04-03 07:29:37.11195,0,21.94,0
870,2026-04-03 07:30:37.111724,0,21.94,0
871,2026-04-03 07:31:37.112593,0,22,0
872,2026-04-03 07:32:37.112003,0,22,0
873,2026-04-03 07:33:37.107616,0,22,0
874,2026-04-03 07:34:37.107586,0,22,0
875,2026-04-03 07:35:37.111469,0,22,0
876,2026-04-03 07:36:37.111763,0,21.94,0
877,2026-04-03 07:37:37.112307,0,22,0
878,2026-04-03 07:38:37.112462,0,21.94,0
879,2026-04-03 07:39:37.10754,0,22,0
880,2026-04-03 07:40:37.111509,0,22,0
881,2026-04-03 07:41:37.107737,0,22,0
882,2026-04-03 07:42:37.111368,0,22,0
883,2026-04-03 07:43:37.108395,0,22,0
884,2026-04-03 07:44:37.110926,0,22,0
885,2026-04-03 07:45:37.108123,0,22,0
886,2026-04-03 07:46:37.111802,0,22,0
887,2026-04-03 07:47:37.11232,0,22,0
888,2026-04-03 07:48:37.107681,0,22,0
889,2026-04-03 07:49:37.10754,0,22,0
890,2026-04-03 07:50:37.112444,0,22,0
891,2026-04-03 07:51:37.107604,0,22,0
892,2026-04-03 07:52:37.110881,0,22,0
893,2026-04-03 07:53:37.112271,0,22.06,0
894,2026-04-03 07:54:37.111917,0,22,0
895,2026-04-03 07:55:37.107594,0,22.06,0
896,2026-04-03 07:56:37.111183,0,22.06,0
897,2026-04-03 07:57:37.112555,0,22.06,0
898,2026-04-03 07:58:37.10763,0,22.06,0
899,2026-04-03 07:59:37.110872,0,22.06,0
900,2026-04-03 08:00:37.111833,0,22.06,0
901,2026-04-03 08:01:37.107553,0,22.06,0
902,2026-04-03 08:02:37.112119,0,22.06,0
903,2026-04-03 08:03:37.111561,0,22.06,0
904,2026-04-03 08:04:37.110857,0,22.06,0
905,2026-04-03 08:05:37.108464,0,22.06,0
906,2026-04-03 08:06:37.11089,0,22.06,0
907,2026-04-03 08:07:37.112,0,22.06,0
908,2026-04-03 08:08:37.112345,0,22.06,0
909,2026-04-03 08:09:37.108454,0,22.06,0
910,2026-04-03 08:10:37.112279,0,22.06,0
911,2026-04-03 08:11:37.112159,0,22.06,0
912,2026-04-03 08:12:37.112119,0,22.06,0
913,2026-04-03 08:13:37.112262,0,22.06,0
914,2026-04-03 08:14:37.111153,0,22.06,0
915,2026-04-03 08:15:37.110873,0,22.06,0
916,2026-04-03 08:16:37.107564,0,22.06,0
917,2026-04-03 08:17:37.112013,0,22.06,0
918,2026-04-03 08:18:37.107873,0,22.12,0
919,2026-04-03 08:19:37.111705,0,22.12,0
920,2026-04-03 08:20:37.107898,0,22.06,0
921,2026-04-03 08:21:37.107617,0,22.12,0
922,2026-04-03 08:22:37.107601,0,22.06,0
923,2026-04-03 08:23:37.112509,0,22.12,0
924,2026-04-03 08:24:37.107535,0,22.12,0
925,2026-04-03 08:25:37.112311,0,22.12,0
926,2026-04-03 08:26:37.108136,0,22.06,0
927,2026-04-03 08:27:37.111822,0,22.12,0
928,2026-04-03 08:28:37.111416,0,22.12,0
929,2026-04-03 08:29:37.112409,0,22.12,0
930,2026-04-03 08:30:37.110422,0,22.12,0
931,2026-04-03 08:31:37.112175,0,22.12,0
932,2026-04-03 08:32:37.111563,0,22.12,0
933,2026-04-03 08:33:37.112423,0,22.12,0
934,2026-04-03 08:34:37.111413,0,22.12,0
935,2026-04-03 08:35:37.11175,0,22.12,0
936,2026-04-03 08:36:37.111896,0,22.12,0
937,2026-04-03 08:37:37.107573,0,22.12,0
938,2026-04-03 08:38:37.113476,0,22.12,0
939,2026-04-03 08:39:37.112176,0,22.12,0
940,2026-04-03 08:40:37.111387,0,22.12,0
941,2026-04-03 08:41:37.112354,0,22.12,0
942,2026-04-03 08:42:37.111976,0,22.12,0
943,2026-04-03 08:43:37.112368,0,22.12,0
944,2026-04-03 08:44:37.111882,0,22.12,0
945,2026-04-03 08:45:37.112289,0,22.12,0
946,2026-04-03 08:46:37.111365,0,22.12,0
947,2026-04-03 08:47:37.112251,0,22.19,0
948,2026-04-03 08:48:37.112277,0,22.12,0
949,2026-04-03 08:49:37.111984,0,22.12,0
950,2026-04-03 08:50:37.111636,0,22.19,0
951,2026-04-03 08:51:37.111897,0,22.12,0
952,2026-04-03 08:52:37.112124,0,22.19,0
953,2026-04-03 08:53:37.111697,0,22.19,0
954,2026-04-03 08:54:37.111433,0,22.12,0
955,2026-04-03 08:55:37.107728,0,22.19,0
956,2026-04-03 08:56:37.107965,0,22.19,0
957,2026-04-03 08:57:37.108384,0,22.19,0
958,2026-04-03 08:58:37.112535,0,22.19,0
959,2026-04-03 08:59:37.11187,0,22.12,0
960,2026-04-03 09:00:37.111917,0,22.19,0
961,2026-04-03 09:01:37.112022,0,22.19,0
962,2026-04-03 09:02:37.111135,0,22.19,0
963,2026-04-03 09:03:37.107571,0,22.19,0
964,2026-04-03 09:04:37.11116,0,22.12,0
965,2026-04-03 09:05:37.107642,0,22.19,0
966,2026-04-03 09:06:37.112309,0,22.19,0
967,2026-04-03 09:07:37.108639,0,22.19,0
968,2026-04-03 09:08:37.107526,0,22.19,0
969,2026-04-03 09:09:37.112664,0,22.19,0
970,2026-04-03 09:10:37.112255,0,22.19,0
971,2026-04-03 09:11:37.11098,0,22.19,0
972,2026-04-03 09:12:37.109398,0,22.19,0
973,2026-04-03 09:13:37.111869,0,22.19,0
974,2026-04-03 09:14:37.112572,0,22.19,0
975,2026-04-03 09:15:37.112239,0,22.19,0
976,2026-04-03 09:16:37.107546,0,22.19,0
977,2026-04-03 09:17:37.112271,0,22.19,0
978,2026-04-03 09:18:37.111628,0,22.19,0
979,2026-04-03 09:19:37.107518,0,22.19,0
980,2026-04-03 09:20:37.112039,0,22.19,0
981,2026-04-03 09:21:37.111586,0,22.19,0
982,2026-04-03 09:22:37.110841,0,22.19,0
983,2026-04-03 09:23:37.11083,0,22.19,0
984,2026-04-03 09:24:37.111759,0,22.19,0
985,2026-04-03 09:25:37.111527,0,22.19,0
986,2026-04-03 09:26:37.112101,0,22.19,0
987,2026-04-03 09:27:37.111483,0,22.19,0
988,2026-04-03 09:28:37.111699,0,22.19,0
989,2026-04-03 09:29:37.107597,0,22.19,0
990,2026-04-03 09:30:37.107607,0,22.19,0
991,2026-04-03 09:31:37.107644,0,22.19,0
992,2026-04-03 09:32:37.107613,0,22.19,0
993,2026-04-03 09:33:37.111577,0,22.19,0
994,2026-04-03 09:34:37.107794,0,22.19,0
995,2026-04-03 09:35:37.111822,0,22.19,0
996,2026-04-03 09:36:37.111885,0,22.19,0
997,2026-04-03 09:37:37.1121,0,22.19,0
998,2026-04-03 09:38:37.107509,0,22.19,0
999,2026-04-03 09:39:37.111335,0,22.19,0
1000,2026-04-03 09:40:37.111838,0,22.19,0
1001,2026-04-03 09:41:37.112406,0,22.19,0
1002,2026-04-03 09:42:37.107659,0,22.19,0
1003,2026-04-03 09:43:37.111484,0,22.19,0
1004,2026-04-03 09:44:37.107828,0,22.19,0
1005,2026-04-03 09:45:37.10762,0,22.19,0
1006,2026-04-03 09:46:37.10858,0,22.19,0
1007,2026-04-03 09:47:37.112227,0,22.25,0
1008,2026-04-03 09:48:37.110778,0,22.19,0
1009,2026-04-03 09:49:37.107612,0,22.19,0
1010,2026-04-03 09:50:37.112409,0,22.19,0
1011,2026-04-03 09:51:37.11108,0,22.19,0
1012,2026-04-03 09:52:37.11181,0,22.25,0
1013,2026-04-03 09:53:37.112218,0,22.25,0
1014,2026-04-03 09:54:37.111608,0,22.19,0
1015,2026-04-03 09:55:37.11168,0,22.25,0
1016,2026-04-03 09:56:37.112368,0,22.25,0
1017,2026-04-03 09:57:37.11192,0,22.25,0
1018,2026-04-03 09:58:37.10757,0,22.25,0
1019,2026-04-03 09:59:37.111415,0,22.25,0
1020,2026-04-03 10:00:37.112276,0,22.25,0
1021,2026-04-03 10:01:37.112345,0,22.25,0
1022,2026-04-03 10:02:37.111974,0,22.25,0
1023,2026-04-03 10:03:37.112089,0,22.25,0
1024,2026-04-03 10:04:37.10766,0,22.25,0
1025,2026-04-03 10:05:37.110521,0,22.25,0
1026,2026-04-03 10:06:37.107606,0,22.25,0
1027,2026-04-03 10:07:37.107537,0,22.25,0
1028,2026-04-03 10:08:37.112097,0,22.25,0
1029,2026-04-03 10:09:37.107725,0,22.25,0
1030,2026-04-03 10:10:37.112286,0,22.25,0
1031,2026-04-03 10:11:37.112033,0,22.25,0
1032,2026-04-03 10:12:37.111229,0,22.25,0
1033,2026-04-03 10:13:37.111887,0,22.25,0
1034,2026-04-03 10:14:37.112197,0,22.25,0
1035,2026-04-03 10:15:37.110181,0,22.25,0
1036,2026-04-03 10:16:37.111818,0,22.25,0
1037,2026-04-03 10:17:37.111765,0,22.25,0
1038,2026-04-03 10:18:37.111571,0,22.25,0
1039,2026-04-03 10:19:37.107551,0,22.25,0
1040,2026-04-03 10:20:37.107638,0,22.25,0
1041,2026-04-03 10:21:37.111581,0,22.25,0
1042,2026-04-03 10:22:37.107507,0,22.25,0
1043,2026-04-03 10:23:37.107798,0,22.25,0
1044,2026-04-03 10:24:37.108235,0,22.25,0
1045,2026-04-03 10:25:37.107667,0,22.25,0
1046,2026-04-03 10:26:37.1076,0,22.25,0
1047,2026-04-03 10:27:37.109641,0,22.25,0
1048,2026-04-03 10:28:37.10751,0,22.25,0
1049,2026-04-03 10:29:37.111407,0,22.25,0
1050,2026-04-03 10:30:37.107894,0,22.25,0
1051,2026-04-03 10:31:37.111537,0,22.25,0
1052,2026-04-03 10:32:37.111434,0,22.25,0
1053,2026-04-03 10:33:37.11266,0,22.25,0
1054,2026-04-03 10:34:37.111075,0,22.25,0
1055,2026-04-03 10:35:37.11228,0,22.25,0
1056,2026-04-03 10:36:37.112098,0,22.25,0
1057,2026-04-03 10:37:37.111701,0,22.25,0
1058,2026-04-03 10:38:37.10764,0,22.25,0
1059,2026-04-03 10:39:37.111783,0,22.25,0
1060,2026-04-03 10:40:37.11256,0,22.25,0
1061,2026-04-03 10:41:37.112079,0,22.31,0
1062,2026-04-03 10:42:37.110908,0,22.31,0
1063,2026-04-03 10:43:37.111589,0,22.31,0
1064,2026-04-03 10:44:37.107804,0,22.31,0
1065,2026-04-03 10:45:37.111688,0,22.25,0
1066,2026-04-03 10:46:37.112129,0,22.25,0
1067,2026-04-03 10:47:37.111882,0,22.25,0
1068,2026-04-03 10:48:37.111584,0,22.31,0
1069,2026-04-03 10:49:37.107594,0,22.25,0
1070,2026-04-03 10:50:37.107749,0,22.25,0
1071,2026-04-03 10:51:37.112443,0,22.25,0
1072,2026-04-03 10:52:37.107741,0,22.25,0
1073,2026-04-03 10:53:37.110885,0,22.31,0
1074,2026-04-03 10:54:37.11152,0,22.25,0
1075,2026-04-03 10:55:37.112185,0,22.25,0
1076,2026-04-03 10:56:37.110902,0,22.25,0
1077,2026-04-03 10:57:37.112132,0,22.31,0
1078,2026-04-03 10:58:37.112097,0,22.25,0
1079,2026-04-03 10:59:37.112263,0,22.25,0
1080,2026-04-03 11:00:37.111471,0,22.31,0
1081,2026-04-03 11:01:37.107603,0,22.25,0
1082,2026-04-03 11:02:37.114171,0,22.25,0
1083,2026-04-03 11:03:37.112013,0,22.25,0
1084,2026-04-03 11:04:37.112005,0,22.25,0
1085,2026-04-03 11:05:37.112367,0,22.25,0
1086,2026-04-03 11:06:37.107596,0,22.25,0
1087,2026-04-03 11:07:37.111691,0,22.31,0
1088,2026-04-03 11:08:37.107732,0,22.31,0
1089,2026-04-03 11:09:37.10753,0,22.31,0
1090,2026-04-03 11:10:37.109269,0,22.31,0
1091,2026-04-03 11:11:37.107503,0,22.31,0
1092,2026-04-03 11:12:37.112163,0,22.25,0
1093,2026-04-03 11:13:37.112012,0,22.31,0
1094,2026-04-03 11:14:37.11231,0,22.25,0
1095,2026-04-03 11:15:37.11185,0,22.25,0
1096,2026-04-03 11:16:37.107567,0,22.31,0
1097,2026-04-03 11:17:37.108281,0,22.31,0
1098,2026-04-03 11:18:37.107642,0,22.25,0
1099,2026-04-03 11:19:37.112289,0,22.31,0
1100,2026-04-03 11:20:37.111823,0,22.31,0
1101,2026-04-03 11:21:37.111414,0,22.31,0
1102,2026-04-03 11:22:37.111727,0,22.25,0
1103,2026-04-03 11:23:37.112376,0,22.25,0
1104,2026-04-03 11:24:37.107586,0,22.31,0
1105,2026-04-03 11:25:37.112424,0,22.31,0
1106,2026-04-03 11:26:37.11204,0,22.31,0
1107,2026-04-03 11:27:37.112114,0,22.31,0
1108,2026-04-03 11:28:37.111634,0,22.31,0
1109,2026-04-03 11:29:37.107599,0,22.31,0
1110,2026-04-03 11:30:37.117351,0,22.31,0
1111,2026-04-03 11:31:37.112382,0,22.31,0
1112,2026-04-03 11:32:37.111603,0,22.25,0
1113,2026-04-03 11:33:37.112422,0,22.31,0
1114,2026-04-03 11:34:37.107642,0,22.31,0
1115,2026-04-03 11:35:37.107752,0,22.31,0
1116,2026-04-03 11:36:37.112114,0,22.31,0
1117,2026-04-03 11:37:37.1121,0,22.31,0
1118,2026-04-03 11:38:37.111469,0,22.31,0
1119,2026-04-03 11:39:37.112165,0,22.31,0
1120,2026-04-03 11:40:37.107509,0,22.31,0
1121,2026-04-03 11:41:37.111927,0,22.31,0
1122,2026-04-03 11:42:37.111939,0,22.31,0
1123,2026-04-03 11:43:37.112362,0,22.25,0
1124,2026-04-03 11:44:37.111993,0,22.31,0
1125,2026-04-03 11:45:37.112274,0,22.31,0
1126,2026-04-03 11:46:37.110839,0,22.31,0
1127,2026-04-03 11:47:37.111852,0,22.31,0
1128,2026-04-03 11:48:37.107604,0,22.31,0
1129,2026-04-03 11:49:37.107607,0,22.31,0
1130,2026-04-03 11:50:37.111829,0,22.31,0
1131,2026-04-03 11:51:37.107717,0,22.31,0
1132,2026-04-03 11:52:37.108028,0,22.31,0
1133,2026-04-03 11:53:37.108629,0,22.31,0
1134,2026-04-03 11:54:37.111706,0,22.31,0
1135,2026-04-03 11:55:37.107512,0,22.31,0
1136,2026-04-03 11:56:37.11058,0,22.31,0
1137,2026-04-03 11:57:37.112381,0,22.31,0
1138,2026-04-03 11:58:37.112323,0,22.31,0
1139,2026-04-03 11:59:37.111475,0,22.31,0
1140,2026-04-03 12:00:37.11188,0,22.31,0
1141,2026-04-03 12:01:37.112354,0,22.31,0
1142,2026-04-03 12:02:37.111829,0,22.31,0
1143,2026-04-03 12:03:37.111894,0,22.31,0
1144,2026-04-03 12:04:37.107622,0,22.31,0
1145,2026-04-03 12:05:37.112266,0,22.31,0
1146,2026-04-03 12:06:37.112292,0,22.31,0
1147,2026-04-03 12:07:37.107587,0,22.31,0
1148,2026-04-03 12:08:37.111,0,22.31,0
1149,2026-04-03 12:09:37.111758,0,22.31,0
1150,2026-04-03 12:10:37.111992,0,22.31,0
1151,2026-04-03 12:11:37.112447,0,22.31,0
1152,2026-04-03 12:12:37.111837,0,22.31,0
1153,2026-04-03 12:13:37.107817,0,22.31,0
1154,2026-04-03 12:14:37.107411,0,22.31,0
1155,2026-04-03 12:15:37.11191,0.83,22.31,0
1156,2026-04-03 12:16:37.107299,0,22.31,0
1157,2026-04-03 12:17:37.107579,0.83,22.31,0
1158,2026-04-03 12:18:37.112033,0.83,22.25,0
1159,2026-04-03 12:19:37.111567,1.67,22.25,0
1160,2026-04-03 12:20:37.111779,1.67,22.31,0
1161,2026-04-03 12:21:37.111929,1.67,22.25,0
1162,2026-04-03 12:22:37.107616,2.5,22.31,0
1163,2026-04-03 12:23:37.112497,3.33,22.31,0
1164,2026-04-03 12:24:37.108763,3.33,22.31,0
1165,2026-04-03 12:25:37.11047,4.17,22.31,0
1166,2026-04-03 12:26:37.112591,5,22.31,0
1167,2026-04-03 12:27:37.107611,5.83,22.31,0
1168,2026-04-03 12:28:37.111752,7.5,22.31,0
1169,2026-04-03 12:29:37.111557,8.33,22.31,0
1170,2026-04-03 12:30:37.111173,9.17,22.31,0
1171,2026-04-03 12:31:37.112363,11.67,22.31,0
1172,2026-04-03 12:32:37.111605,12.5,22.31,0
1173,2026-04-03 12:33:37.111715,14.17,22.31,0
1174,2026-04-03 12:34:37.107978,15,22.31,0
1175,2026-04-03 12:35:37.112558,17.5,22.31,0
1176,2026-04-03 12:36:37.111845,19.17,22.31,0
1177,2026-04-03 12:37:37.10775,21.67,22.31,0
1178,2026-04-03 12:38:37.112207,22.5,22.31,0
1179,2026-04-03 12:39:37.111892,25.83,22.31,0
1180,2026-04-03 12:40:37.111934,27.5,22.25,0
1181,2026-04-03 12:41:37.111932,30,22.31,0
1182,2026-04-03 12:42:37.111565,31.67,22.31,0
1183,2026-04-03 12:43:37.109658,34.17,22.31,0
1184,2026-04-03 12:44:37.107611,36.67,22.31,0
1185,2026-04-03 12:45:37.111902,38.33,22.31,0
1186,2026-04-03 12:46:37.112511,40,22.31,0
1187,2026-04-03 12:47:37.112558,43.33,22.31,0
1188,2026-04-03 12:48:37.111747,45,22.31,0
1189,2026-04-03 12:49:37.107704,47.5,22.25,0
1190,2026-04-03 12:50:37.10798,49.17,22.31,0
1191,2026-04-03 12:51:37.107743,51.67,22.31,0
1192,2026-04-03 12:52:37.107512,54.17,22.31,0
1193,2026-04-03 12:53:37.112217,56.67,22.31,0
1194,2026-04-03 12:54:37.112227,58.33,22.31,0
1195,2026-04-03 12:55:37.112133,60,22.31,0
1196,2026-04-03 12:56:37.112314,63.33,22.31,0
1197,2026-04-03 12:57:37.11227,65,22.31,0
1198,2026-04-03 12:58:37.111976,66.67,22.31,0
1199,2026-04-03 12:59:37.10774,68.33,22.31,0
1200,2026-04-03 13:00:37.108043,71.67,22.31,0
1201,2026-04-03 13:01:37.10757,73.33,22.31,0
1202,2026-04-03 13:02:37.111544,75.83,22.31,0
1203,2026-04-03 13:03:37.108924,77.5,22.31,0
1204,2026-04-03 13:04:37.110769,79.17,22.25,0
1205,2026-04-03 13:05:37.111996,80.83,22.31,0
1206,2026-04-03 13:06:37.111862,82.5,22.31,0
1207,2026-04-03 13:07:37.107586,85,22.31,0
1208,2026-04-03 13:08:37.111953,86.67,22.31,0
1209,2026-04-03 13:09:37.112631,88.33,22.31,0
1210,2026-04-03 13:10:37.11261,90,22.31,0
1211,2026-04-03 13:11:37.107613,91.67,22.31,0
1212,2026-04-03 13:12:37.111756,94.17,22.31,0
1213,2026-04-03 13:13:37.111404,95.83,22.31,0
1214,2026-04-03 13:14:37.112063,96.67,22.31,0
1215,2026-04-03 13:15:37.107989,98.33,22.31,0
1216,2026-04-03 13:16:37.112319,101.67,22.31,0
1217,2026-04-03 13:17:37.112149,102.5,22.31,0
1218,2026-04-03 13:18:37.113857,105,22.31,0
1219,2026-04-03 13:19:37.107598,107.5,22.31,0
1220,2026-04-03 13:20:37.112092,109.17,22.31,0
1221,2026-04-03 13:21:37.107567,110.83,22.31,0
1222,2026-04-03 13:22:37.111879,113.33,22.31,0
1223,2026-04-03 13:23:37.112349,115.83,22.25,0
1224,2026-04-03 13:24:37.111529,117.5,22.31,0
1225,2026-04-03 13:25:37.111682,119.17,22.31,0
1226,2026-04-03 13:26:37.112345,120,22.31,0
1227,2026-04-03 13:27:37.111499,121.67,22.31,0
1228,2026-04-03 13:28:37.111831,123.33,22.31,0
1229,2026-04-03 13:29:37.110852,125.83,22.31,0
1230,2026-04-03 13:30:37.107686,127.5,22.31,0
1231,2026-04-03 13:31:37.107553,128.33,22.31,0
1232,2026-04-03 13:32:37.108358,130,22.31,0
1233,2026-04-03 13:33:37.111531,131.67,22.31,0
1234,2026-04-03 13:34:37.112261,133.33,22.31,0
1235,2026-04-03 13:35:37.11223,134.17,22.31,0
1236,2026-04-03 13:36:37.112352,135.83,22.31,0
1237,2026-04-03 13:37:37.110773,137.5,22.31,0
1238,2026-04-03 13:38:37.111979,139.17,22.31,0
1239,2026-04-03 13:39:37.112152,140.83,22.31,0
1240,2026-04-03 13:40:37.11215,142.5,22.31,0
1241,2026-04-03 13:41:37.111581,143.33,22.31,0
1242,2026-04-03 13:42:37.10762,145.83,22.25,0
1243,2026-04-03 13:43:37.111456,146.67,22.31,0
1244,2026-04-03 13:44:37.109497,148.33,22.31,0
1245,2026-04-03 13:45:37.107192,149.17,22.31,0
1246,2026-04-03 13:46:37.107521,146.67,22.31,0
1247,2026-04-03 13:47:37.107569,151.67,22.31,0
1248,2026-04-03 13:48:37.112244,152.5,22.31,0
1249,2026-04-03 13:49:37.11226,154.17,22.31,0
1250,2026-04-03 13:50:37.112213,155.83,22.31,0
1251,2026-04-03 13:51:37.112413,157.5,22.31,0
1252,2026-04-03 13:52:37.111704,158.33,22.31,0
1253,2026-04-03 13:53:37.1115,160,22.31,0
1254,2026-04-03 13:54:37.113411,161.67,22.31,0
1255,2026-04-03 13:55:37.112187,162.5,22.31,0
1256,2026-04-03 13:56:37.110811,163.33,22.31,0
1257,2026-04-03 13:57:37.111699,165,22.31,0
1258,2026-04-03 13:58:37.111148,166.67,22.31,0
1259,2026-04-03 13:59:37.112236,167.5,22.31,0
1260,2026-04-03 14:00:37.107534,168.33,22.31,0
1261,2026-04-03 14:01:37.111594,170,22.31,0
1262,2026-04-03 14:02:37.107517,170.83,22.31,0
1263,2026-04-03 14:03:37.112353,170.83,22.31,0
1264,2026-04-03 14:04:37.107629,172.5,22.31,0
1265,2026-04-03 14:05:37.107762,173.33,22.31,0
1266,2026-04-03 14:06:37.108121,174.17,22.31,0
1267,2026-04-03 14:07:37.11244,175,22.31,0
1268,2026-04-03 14:08:37.112031,175.83,22.31,0
1269,2026-04-03 14:09:37.111992,177.5,22.31,0
1270,2026-04-03 14:10:37.107533,178.33,22.25,0
1271,2026-04-03 14:11:37.111846,179.17,22.31,0
1272,2026-04-03 14:12:37.111932,180.83,22.25,0
1273,2026-04-03 14:13:37.107618,180.83,22.31,0
1274,2026-04-03 14:14:37.112583,180.83,22.25,0
1275,2026-04-03 14:15:37.107639,182.5,22.25,0
1276,2026-04-03 14:16:37.108297,184.17,22.25,0
1277,2026-04-03 14:17:37.112407,184.17,22.25,0
1278,2026-04-03 14:18:37.107467,185,22.25,0
1279,2026-04-03 14:19:37.107555,186.67,22.25,0
1280,2026-04-03 14:20:37.112008,189.17,22.25,0
1281,2026-04-03 14:21:37.108657,190.83,22.25,0
1282,2026-04-03 14:22:37.110525,192.5,22.25,0
1283,2026-04-03 14:23:37.111766,194.17,22.25,0
1284,2026-04-03 14:24:37.107604,195.83,22.19,0
1285,2026-04-03 14:25:37.111661,197.5,22.25,0
1286,2026-04-03 14:26:37.112042,198.33,22.19,0
1287,2026-04-03 14:27:37.112138,201.67,22.19,0
1288,2026-04-03 14:28:37.107618,203.33,22.19,0
1289,2026-04-03 14:29:37.112369,204.17,22.19,0
1290,2026-04-03 14:30:37.107762,205.83,22.19,0
1291,2026-04-03 14:31:37.111612,207.5,22.19,448.59
1292,2026-04-03 14:32:37.107545,208.33,22.19,0
1293,2026-04-03 14:33:37.11148,210,22.19,0
1294,2026-04-03 14:34:37.10756,210.83,22.19,0
1295,2026-04-03 14:35:37.107191,213.33,22.19,0
1296,2026-04-03 14:36:37.112323,213.33,22.12,0
1297,2026-04-03 14:37:37.107189,215,22.19,0
1298,2026-04-03 14:38:37.111527,215.83,22.19,0
1299,2026-04-03 14:39:37.107609,216.67,22.19,0
1300,2026-04-03 14:40:37.112072,218.33,22.19,0
1301,2026-04-03 14:41:37.107528,219.17,22.12,0
1302,2026-04-03 14:42:37.11182,221.67,22.19,0
1303,2026-04-03 14:43:37.112409,223.33,22.12,0
1304,2026-04-03 14:44:37.111834,225.83,22.19,0
1305,2026-04-03 14:45:37.112458,227.5,22.12,0
1306,2026-04-03 14:46:37.111605,229.17,22.19,0
1307,2026-04-03 14:47:37.111918,229.17,22.19,0
1308,2026-04-03 14:48:37.107676,230.83,22.12,0
1309,2026-04-03 14:49:37.111942,232.5,22.12,0
1310,2026-04-03 14:50:37.11245,232.5,22.19,0
1311,2026-04-03 14:51:37.112246,234.17,22.19,0
1312,2026-04-03 14:52:37.111031,235.83,22.19,0
1313,2026-04-03 14:53:37.107572,236.67,22.12,0
1314,2026-04-03 14:54:37.111922,239.17,22.12,0
1315,2026-04-03 14:55:37.107672,238.33,22.12,0
1316,2026-04-03 14:56:37.107787,241.67,22.19,0
1317,2026-04-03 14:57:37.107589,242.5,22.12,0
1318,2026-04-03 14:58:37.107769,246.67,22.12,0
1319,2026-04-03 14:59:37.108503,246.67,22.19,0
1320,2026-04-03 15:00:37.108627,248.33,22.19,0
1321,2026-04-03 15:01:37.107556,249.17,22.12,0
1322,2026-04-03 15:02:37.111861,249.17,22.19,0
1323,2026-04-03 15:03:37.107597,249.17,22.19,0
1324,2026-04-03 15:04:37.111761,250.83,22.12,0
1325,2026-04-03 15:05:37.112298,248.33,22.12,0
1326,2026-04-03 15:06:37.111614,250,22.19,0
1327,2026-04-03 15:07:37.107563,251.67,22.19,0
1328,2026-04-03 15:08:37.111988,251.67,22.19,0
1329,2026-04-03 15:09:37.107565,251.67,22.19,0
1330,2026-04-03 15:10:37.111607,252.5,22.19,0
1331,2026-04-03 15:11:37.107587,255,22.12,0
1332,2026-04-03 15:12:37.111245,251.67,22.12,0
1333,2026-04-03 15:13:37.11258,255.83,22.12,0
1334,2026-04-03 15:14:37.112071,259.17,22.19,0
1335,2026-04-03 15:15:37.107637,260.83,22.12,0
1336,2026-04-03 15:16:37.107546,263.33,22.19,0
1337,2026-04-03 15:17:37.112411,266.67,22.12,0
1338,2026-04-03 15:18:37.10734,266.67,22.12,0
1339,2026-04-03 15:19:37.112185,269.17,22.19,0
1340,2026-04-03 15:20:37.11101,273.33,22.19,0
1341,2026-04-03 15:21:37.111586,275.83,22.19,0
1342,2026-04-03 15:22:37.112004,274.17,22.12,0
1343,2026-04-03 15:23:37.111757,280,22.12,0
1344,2026-04-03 15:24:37.111513,284.17,22.12,0
1345,2026-04-03 15:25:37.107721,285.83,22.12,0
1346,2026-04-03 15:26:37.112365,288.33,22.19,0
1347,2026-04-03 15:27:37.112469,286.67,22.12,0
1348,2026-04-03 15:28:37.107604,295.83,22.12,0
1349,2026-04-03 15:29:37.110822,289.17,22.19,0
1350,2026-04-03 15:30:37.107597,299.17,22.12,0
1351,2026-04-03 15:31:37.107709,295,22.19,0
1352,2026-04-03 15:32:37.107618,303.33,22.12,0
1353,2026-04-03 15:33:37.1129,306.67,22.12,0
1354,2026-04-03 15:34:37.112523,310,22.12,0
1355,2026-04-03 15:35:37.107934,310.83,22.19,0
1356,2026-04-03 15:36:37.111978,315,22.12,0
1357,2026-04-03 15:37:37.109859,320,22.19,0
1358,2026-04-03 15:38:37.112537,322.5,22.12,0
1359,2026-04-03 15:39:37.11083,327.5,22.12,0
1360,2026-04-03 15:40:37.111862,330,22.12,0
1361,2026-04-03 15:41:37.110811,334.17,22.12,0
1362,2026-04-03 15:42:37.112043,330.83,22.12,0
1363,2026-04-03 15:43:37.112184,340.83,22.19,0
1364,2026-04-03 15:44:37.111784,344.17,22.12,0
1365,2026-04-03 15:45:37.111538,343.33,22.12,0
1366,2026-04-03 15:46:37.112213,350,22.12,0
1367,2026-04-03 15:47:37.112597,352.5,22.12,0
1368,2026-04-03 15:48:37.111812,355,22.12,0
1369,2026-04-03 15:49:37.112234,359.17,22.19,0
1370,2026-04-03 15:50:37.11084,362.5,22.12,0
1371,2026-04-03 15:51:37.107616,366.67,22.12,0
1372,2026-04-03 15:52:37.1124,368.33,22.19,0
1373,2026-04-03 15:53:37.112083,368.33,22.12,0
1374,2026-04-03 15:54:37.107634,370,22.12,0
1375,2026-04-03 15:55:37.107601,375,22.12,0
1376,2026-04-03 15:56:37.112215,375.83,22.12,0
1377,2026-04-03 15:57:37.107599,378.33,22.12,0
1378,2026-04-03 15:58:37.112525,379.17,22.12,0
1379,2026-04-03 15:59:37.111589,380,22.19,0
1380,2026-04-03 16:00:37.11088,379.17,22.19,0
1381,2026-04-03 16:01:37.112343,381.67,22.12,0
1382,2026-04-03 16:02:37.111494,382.5,22.19,0
1383,2026-04-03 16:03:37.111174,384.17,22.19,0
1384,2026-04-03 16:04:37.108116,385.83,22.19,0
1385,2026-04-03 16:05:37.11172,386.67,22.19,0
1386,2026-04-03 16:06:37.111519,386.67,22.19,0
1387,2026-04-03 16:07:37.107665,389.17,22.19,0
1388,2026-04-03 16:08:37.107669,390.83,22.19,0
1389,2026-04-03 16:09:37.107591,392.5,22.12,0
1390,2026-04-03 16:10:37.108894,393.33,22.12,0
1391,2026-04-03 16:11:37.10757,395,22.19,0
1392,2026-04-03 16:12:37.107574,395.83,22.19,0
1393,2026-04-03 16:13:37.111134,396.67,22.12,0
1394,2026-04-03 16:14:37.11231,398.33,22.19,0
1395,2026-04-03 16:15:37.111004,400.83,22.19,0
1396,2026-04-03 16:16:37.108276,401.67,22.12,0
1397,2026-04-03 16:17:37.111772,404.17,22.19,0
1398,2026-04-03 16:18:37.111601,408.33,22.19,0
1399,2026-04-03 16:19:37.111878,408.33,22.12,0
1400,2026-04-03 16:20:37.111732,411.67,22.19,0
1401,2026-04-03 16:21:37.110864,411.67,22.19,0
1402,2026-04-03 16:22:37.112134,413.33,22.19,0
1403,2026-04-03 16:23:37.109006,410,22.19,0
1404,2026-04-03 16:24:37.112022,410.83,22.19,0
1405,2026-04-03 16:25:37.111549,414.17,22.19,0
1406,2026-04-03 16:26:37.111617,415.83,22.19,0
1407,2026-04-03 16:27:37.107705,420.83,22.19,0
1408,2026-04-03 16:28:37.107624,418.33,22.19,20.22
1409,2026-04-03 16:29:37.112451,422.5,22.19,0
1410,2026-04-03 16:30:37.107533,424.17,22.19,0
1411,2026-04-03 16:31:37.110883,426.67,22.19,0
1412,2026-04-03 16:32:37.112468,429.17,22.19,0
1413,2026-04-03 16:33:37.112045,430.83,22.19,0
1414,2026-04-03 16:34:37.107533,430,22.19,0
1415,2026-04-03 16:35:37.11218,430,22.19,0
1416,2026-04-03 16:36:37.108085,436.67,22.19,0
1417,2026-04-03 16:37:37.111083,443.33,22.19,0
1418,2026-04-03 16:38:37.112187,445.83,22.19,0
1419,2026-04-03 16:39:37.111885,450,22.19,0
1420,2026-04-03 16:40:37.111908,449.17,22.19,0
1421,2026-04-03 16:41:37.112747,450.83,22.19,0
1422,2026-04-03 16:42:37.112075,450.83,22.19,0
1423,2026-04-03 16:43:37.111543,451.67,22.19,0
1424,2026-04-03 16:44:37.111784,451.67,22.19,0
1425,2026-04-03 16:45:37.112383,453.33,22.19,0
1426,2026-04-03 16:46:37.111627,453.33,22.19,0
1427,2026-04-03 16:47:37.10783,453.33,22.19,0
1428,2026-04-03 16:48:37.111828,455,22.19,0
1429,2026-04-03 16:49:37.107735,455,22.19,0
1430,2026-04-03 16:50:37.113069,453.33,22.19,0
1431,2026-04-03 16:51:37.107784,456.67,22.19,0
1432,2026-04-03 16:52:37.111528,456.67,22.19,0
1433,2026-04-03 16:53:37.107618,457.5,22.19,0
1434,2026-04-03 16:54:37.112267,460.83,22.19,0
1435,2026-04-03 16:55:37.11119,465.83,22.19,0
1436,2026-04-03 16:56:37.111928,465,22.19,0
1437,2026-04-03 16:57:37.111904,465.83,22.19,0
1438,2026-04-03 16:58:37.112126,469.17,22.19,0
1439,2026-04-03 16:59:37.112042,476.67,22.19,0
1440,2026-04-03 17:00:37.107558,482.5,22.19,0
1441,2026-04-03 17:01:37.1075,482.5,22.19,0
1442,2026-04-03 17:02:37.111971,485.83,22.19,0
1443,2026-04-03 17:03:37.11221,483.33,22.25,0
1444,2026-04-03 17:04:37.111692,489.17,22.19,0
1445,2026-04-03 17:05:37.112586,493.33,22.25,0
1446,2026-04-03 17:06:37.111798,496.67,22.25,0
1447,2026-04-03 17:07:37.111549,498.33,22.25,0
1448,2026-04-03 17:08:37.112374,492.5,22.25,0
1449,2026-04-03 17:09:37.112037,493.33,22.25,0
1450,2026-04-03 17:10:37.107596,500.83,22.25,0
1451,2026-04-03 17:11:37.112027,495.83,22.25,0
1452,2026-04-03 17:12:37.107839,492.5,22.25,0
1453,2026-04-03 17:13:37.112302,488.33,22.25,0
1454,2026-04-03 17:14:37.112561,490.83,22.25,0
1455,2026-04-03 17:15:37.107147,488.33,22.25,0
1456,2026-04-03 17:16:37.107542,493.33,22.25,0
1457,2026-04-03 17:17:37.111057,490,22.25,0
1458,2026-04-03 17:18:37.107578,497.5,22.25,0
1459,2026-04-03 17:19:37.107708,490.83,22.25,0
1460,2026-04-03 17:20:37.110796,493.33,22.25,0
1461,2026-04-03 17:21:37.112545,499.17,22.25,0
1462,2026-04-03 17:22:37.11236,495.83,22.25,0
1463,2026-04-03 17:23:37.112098,498.33,22.25,0
1464,2026-04-03 17:24:37.107583,493.33,22.25,858.91
1465,2026-04-03 17:25:37.109019,491.67,22.25,0
1466,2026-04-03 17:26:37.112085,486.67,22.25,0
1467,2026-04-03 17:27:37.111619,480,22.25,0
1468,2026-04-03 17:28:37.112341,472.5,22.25,0
1469,2026-04-03 17:29:37.111703,477.5,22.25,0
1470,2026-04-03 17:30:37.107592,475,22.25,0
1471,2026-04-03 17:31:37.112243,471.67,22.25,0
1472,2026-04-03 17:32:37.110306,472.5,22.25,0
1473,2026-04-03 17:33:37.108221,470.83,22.25,0
1474,2026-04-03 17:34:37.107527,467.5,22.31,0
1475,2026-04-03 17:35:37.110813,462.5,22.25,0
1476,2026-04-03 17:36:37.111687,464.17,22.25,0
1477,2026-04-03 17:37:37.11146,469.17,22.31,0
1478,2026-04-03 17:38:37.11136,472.5,22.25,0
1479,2026-04-03 17:39:37.111464,480,22.31,0
1480,2026-04-03 17:40:37.109421,488.33,22.25,0
1481,2026-04-03 17:41:37.11107,486.67,22.31,0
1482,2026-04-03 17:42:37.107524,480.83,22.31,0
1483,2026-04-03 17:43:37.112255,480,22.25,0
1484,2026-04-03 17:44:37.107658,478.33,22.31,0
1485,2026-04-03 17:45:37.108582,476.67,22.25,0
1486,2026-04-03 17:46:37.111743,470.83,22.31,0
1487,2026-04-03 17:47:37.112439,472.5,22.31,0
1488,2026-04-03 17:48:37.112005,514.17,22.31,0
1489,2026-04-03 17:49:37.108463,488.33,22.31,0
1490,2026-04-03 17:50:37.108349,499.17,22.31,0
1491,2026-04-03 17:51:37.112545,310,22.31,0
1492,2026-04-03 17:52:37.112077,423.33,22.31,0
1493,2026-04-03 17:53:37.112323,493.33,22.31,0
1494,2026-04-03 17:54:37.111749,500,22.31,0
1495,2026-04-03 17:55:37.110889,504.17,22.31,0
1496,2026-04-03 17:56:37.112032,503.33,22.31,0
1497,2026-04-03 17:57:37.111764,500,22.31,0
1498,2026-04-03 17:58:37.111825,497.5,22.31,0
1499,2026-04-03 17:59:37.112384,495.83,22.31,0
1500,2026-04-03 18:00:37.112545,503.33,22.31,0
1501,2026-04-03 18:01:37.112247,501.67,22.31,0
1502,2026-04-03 18:02:37.111815,494.17,22.31,0
1503,2026-04-03 18:03:37.111959,279.17,22.31,0
1504,2026-04-03 18:04:37.110481,474.17,22.31,0
1505,2026-04-03 18:05:37.107707,600,22.31,0
1506,2026-04-03 18:06:37.112057,556.67,22.31,0
1507,2026-04-03 18:07:37.111821,588.33,22.31,0
1508,2026-04-03 18:08:37.112093,800,22.38,0
1509,2026-04-03 18:09:37.112149,834.17,22.31,0
1510,2026-04-03 18:10:37.111693,788.33,22.31,0
1511,2026-04-03 18:11:37.107565,650.83,22.31,0
1512,2026-04-03 18:12:37.111451,559.17,22.31,0
1513,2026-04-03 18:13:37.108499,544.17,22.31,0
1514,2026-04-03 18:14:37.111754,593.33,22.31,0
1515,2026-04-03 18:15:37.111747,780.83,22.38,0
1516,2026-04-03 18:16:37.111785,819.17,22.31,0
1517,2026-04-03 18:17:37.112122,667.5,22.31,0
1518,2026-04-03 18:18:37.111483,609.17,22.31,0
1519,2026-04-03 18:19:37.111461,614.17,22.31,0
1520,2026-04-03 18:20:37.112224,600.83,22.31,0
1521,2026-04-03 18:21:37.111768,578.33,22.31,0
1522,2026-04-03 18:22:37.112334,618.33,22.31,0
1523,2026-04-03 18:23:37.112431,318.33,22.31,0
1524,2026-04-03 18:24:37.107646,316.67,22.31,0
1525,2026-04-03 18:25:37.107493,332.5,22.38,0
1526,2026-04-03 18:26:37.111721,353.33,22.31,0
1527,2026-04-03 18:27:37.111906,322.5,22.31,0
1528,2026-04-03 18:28:37.112224,415.83,22.31,0
1529,2026-04-03 18:29:37.112182,525,22.31,0
1530,2026-04-03 18:30:37.10754,866.67,22.31,0
1531,2026-04-03 18:31:37.111974,735.83,22.38,0
1532,2026-04-03 18:32:37.109668,671.67,22.31,0
1533,2026-04-03 18:33:37.111879,604.17,22.31,0
1534,2026-04-03 18:34:37.11193,620.83,22.38,0
1535,2026-04-03 18:35:37.111703,624.17,22.38,0
1536,2026-04-03 18:36:37.107589,608.33,22.38,0
1537,2026-04-03 18:37:37.107615,616.67,22.38,0
1538,2026-04-03 18:38:37.111715,638.33,22.31,0
1539,2026-04-03 18:39:37.107639,600.83,22.31,0
1540,2026-04-03 18:40:37.107731,604.17,22.38,0
1541,2026-04-03 18:41:37.111768,376.67,22.38,0
1542,2026-04-03 18:42:37.107592,405,22.38,0
1543,2026-04-03 18:43:37.111647,454.17,22.31,0
1544,2026-04-03 18:44:37.108055,477.5,22.31,0
1545,2026-04-03 18:45:37.111678,783.33,22.38,0
1546,2026-04-03 18:46:37.11205,815.83,22.38,0
1547,2026-04-03 18:47:37.107601,545.83,22.38,0
1548,2026-04-03 18:48:37.107584,787.5,22.38,0
1549,2026-04-03 18:49:37.111755,647.5,22.38,0
1550,2026-04-03 18:50:37.108615,850,22.38,0
1551,2026-04-03 18:51:37.11194,662.5,22.38,0
1552,2026-04-03 18:52:37.112201,679.17,22.38,0
1553,2026-04-03 18:53:37.10765,732.5,22.38,0
1554,2026-04-03 18:54:37.10817,800,22.38,0
1555,2026-04-03 18:55:37.112147,855,22.38,0
1556,2026-04-03 18:56:37.111895,902.5,22.38,0
1557,2026-04-03 18:57:37.111796,896.67,22.38,0
1558,2026-04-03 18:58:37.111008,913.33,22.38,0
1559,2026-04-03 18:59:37.112318,853.33,22.38,0
1560,2026-04-03 19:00:37.107634,904.17,22.38,0
1561,2026-04-03 19:01:37.107665,810.83,22.38,0
1562,2026-04-03 19:02:37.111541,775,22.38,0
1563,2026-04-03 19:03:37.111639,846.67,22.38,0
1564,2026-04-03 19:04:37.111648,810.83,22.38,0
1565,2026-04-03 19:05:37.107306,773.33,22.38,0
1566,2026-04-03 19:06:37.110874,723.33,22.38,0
1567,2026-04-03 19:07:37.111797,732.5,22.38,0
1568,2026-04-03 19:08:37.10753,675,22.38,0
1569,2026-04-03 19:09:37.107503,580,22.38,0
1570,2026-04-03 19:10:37.112456,473.33,22.38,0
1571,2026-04-03 19:11:37.112404,605,22.38,0
1572,2026-04-03 19:12:37.111778,764.17,22.38,0
1573,2026-04-03 19:13:37.112197,794.17,22.38,0
1574,2026-04-03 19:14:37.111572,726.67,22.38,0
1575,2026-04-03 19:15:37.111621,670.83,22.44,0
1576,2026-04-03 19:16:37.111804,619.17,22.38,0
1577,2026-04-03 19:17:37.111787,884.17,22.38,0
1578,2026-04-03 19:18:37.107922,853.33,22.38,0
1579,2026-04-03 19:19:37.108046,997.5,22.44,0
1580,2026-04-03 19:20:37.107647,916.67,22.38,0
1581,2026-04-03 19:21:37.111756,725,22.44,0
1582,2026-04-03 19:22:37.110862,885,22.44,0
1583,2026-04-03 19:23:37.111797,843.33,22.44,0
1584,2026-04-03 19:24:37.112297,754.17,22.44,0
1585,2026-04-03 19:25:37.111901,751.67,22.38,0
1586,2026-04-03 19:26:37.112054,748.33,22.44,0
1587,2026-04-03 19:27:37.107831,735.83,22.44,0
1588,2026-04-03 19:28:37.11144,504.17,22.44,0
1589,2026-04-03 19:29:37.11247,511.67,22.44,0
1590,2026-04-03 19:30:37.112299,760,22.44,0
1591,2026-04-03 19:31:37.111717,584.17,22.44,0
1592,2026-04-03 19:32:37.112153,614.17,22.44,0
1593,2026-04-03 19:33:37.112057,608.33,22.44,0
1594,2026-04-03 19:34:37.11237,566.67,22.44,0
1595,2026-04-03 19:35:37.1111,495,22.44,0
1596,2026-04-03 19:36:37.112116,501.67,22.44,0
1597,2026-04-03 19:37:37.111041,515.83,22.44,0
1598,2026-04-03 19:38:37.111272,850.83,22.44,0
1599,2026-04-03 19:39:37.11233,885.83,22.44,0
1600,2026-04-03 19:40:37.111661,835,22.44,0
1601,2026-04-03 19:41:37.107467,870,22.44,0
1602,2026-04-03 19:42:37.111997,870,22.44,0
1603,2026-04-03 19:43:37.112139,900.83,22.44,0
1604,2026-04-03 19:44:37.112235,847.5,22.44,0
1605,2026-04-03 19:45:37.112287,816.67,22.44,0
1606,2026-04-03 19:46:37.107542,810,22.44,0
1607,2026-04-03 19:47:37.111184,565,22.44,0
1608,2026-04-03 19:48:37.11092,630,22.44,0
1609,2026-04-03 19:49:37.112247,650,22.5,0
1610,2026-04-03 19:50:37.112112,608.33,22.5,0
1611,2026-04-03 19:51:37.111744,391.67,22.5,0
1612,2026-04-03 19:52:37.111839,548.33,22.44,0
1613,2026-04-03 19:53:37.10915,800.83,22.44,0
1614,2026-04-03 19:54:37.107723,1022.5,22.5,0
1615,2026-04-03 19:55:37.1075,1001.67,22.5,0
1616,2026-04-03 19:56:37.107769,940.83,22.5,0
1617,2026-04-03 19:57:37.112095,982.5,22.44,0
1618,2026-04-03 19:58:37.114916,940.83,22.44,0
1619,2026-04-03 19:59:37.107587,942.5,22.5,0
1620,2026-04-03 20:00:37.107596,930.83,22.5,0
1621,2026-04-03 20:01:37.111726,928.33,22.5,0
1622,2026-04-03 20:02:37.112251,1025.83,22.5,0
1623,2026-04-03 20:03:37.108945,1161.67,22.5,0
1624,2026-04-03 20:04:37.111478,1141.67,22.5,0
1625,2026-04-03 20:05:37.111563,1066.67,22.5,0
1626,2026-04-03 20:06:37.111816,994.17,22.5,0
1627,2026-04-03 20:07:37.110929,992.5,22.5,0
1628,2026-04-03 20:08:37.10905,1067.5,22.5,0
1629,2026-04-03 20:09:37.111006,856.67,22.5,0
1630,2026-04-03 20:10:37.107517,885.83,22.5,0
1631,2026-04-03 20:11:37.111521,768.33,22.5,0
1632,2026-04-03 20:12:37.112383,586.67,22.5,0
1633,2026-04-03 20:13:37.111962,611.67,22.5,0
1634,2026-04-03 20:14:37.112304,715,22.5,0
1635,2026-04-03 20:15:37.111975,832.5,22.5,0
1636,2026-04-03 20:16:37.112308,880,22.5,0
1637,2026-04-03 20:17:37.112403,879.17,22.5,0
1638,2026-04-03 20:18:37.112081,887.5,22.5,0
1639,2026-04-03 20:19:37.110999,1178.33,22.5,0
1640,2026-04-03 20:20:37.112068,1057.5,22.5,0
1641,2026-04-03 20:21:37.111391,787.5,22.5,0
1642,2026-04-03 20:22:37.10752,1060,22.5,0
1643,2026-04-03 20:23:37.107639,875,22.5,0
1644,2026-04-03 20:24:37.111597,739.17,22.5,0
1645,2026-04-03 20:25:37.107586,646.67,22.5,0
1646,2026-04-03 20:26:37.111957,614.17,22.5,0
1647,2026-04-03 20:27:37.112496,558.33,22.5,0
1648,2026-04-03 20:28:37.107496,483.33,22.5,0
1649,2026-04-03 20:29:37.107665,475.83,22.5,0
1650,2026-04-03 20:30:37.107627,420.83,22.56,0
1651,2026-04-03 20:31:37.107726,410,22.56,0
1652,2026-04-03 20:32:37.111801,410.83,22.5,0
1653,2026-04-03 20:33:37.109948,434.17,22.5,0
1654,2026-04-03 20:34:37.111138,487.5,22.5,0
1655,2026-04-03 20:35:37.11191,509.17,22.5,0
1656,2026-04-03 20:36:37.112362,531.67,22.5,0
1657,2026-04-03 20:37:37.112055,590,22.5,0
1658,2026-04-03 20:38:37.112194,679.17,22.5,0
1659,2026-04-03 20:39:37.111027,759.17,22.56,0
1660,2026-04-03 20:40:37.111531,860,22.56,0
1661,2026-04-03 20:41:37.112363,846.67,22.56,0
1662,2026-04-03 20:42:37.112127,821.67,22.5,0
1663,2026-04-03 20:43:37.107596,659.17,22.5,0
1664,2026-04-03 20:44:37.110868,520.83,22.5,0
1665,2026-04-03 20:45:37.112257,455.83,22.56,0
1666,2026-04-03 20:46:37.111867,460,22.5,0
1667,2026-04-03 20:47:37.112555,522.5,22.56,0
1668,2026-04-03 20:48:37.112082,591.67,22.5,0
1669,2026-04-03 20:49:37.112066,669.17,22.56,0
1670,2026-04-03 20:50:37.112044,783.33,22.56,0
1671,2026-04-03 20:51:37.107511,823.33,22.56,0
1672,2026-04-03 20:52:37.111537,883.33,22.5,0
1673,2026-04-03 20:53:37.111822,892.5,22.5,0
1674,2026-04-03 20:54:37.112201,920,22.56,0
1675,2026-04-03 20:55:37.11142,822.5,22.5,0
1676,2026-04-03 20:56:37.110984,890,22.5,0
1677,2026-04-03 20:57:37.11224,830.83,22.56,0
1678,2026-04-03 20:58:37.107593,820,22.56,0
1679,2026-04-03 20:59:37.111646,780.83,22.56,0
1680,2026-04-03 21:00:37.112284,850.83,22.56,0
1681,2026-04-03 21:01:37.11166,838.33,22.56,0
1682,2026-04-03 21:02:37.111789,838.33,22.56,0
1683,2026-04-03 21:03:37.107469,752.5,22.56,0
1684,2026-04-03 21:04:37.107201,509.17,22.56,0
1685,2026-04-03 21:05:37.112387,443.33,22.56,0
1686,2026-04-03 21:06:37.11197,402.5,22.56,0
1687,2026-04-03 21:07:37.112176,380,22.56,0
1688,2026-04-03 21:08:37.108049,382.5,22.56,0
1689,2026-04-03 21:09:37.111787,388.33,22.56,0
1690,2026-04-03 21:10:37.110855,415.83,22.5,0
1691,2026-04-03 21:11:37.111904,428.33,22.56,0
1692,2026-04-03 21:12:37.112184,425,22.5,0
1693,2026-04-03 21:13:37.108291,403.33,22.5,0
1694,2026-04-03 21:14:37.111528,399.17,22.56,0
1695,2026-04-03 21:15:37.107536,375.83,22.56,0
1696,2026-04-03 21:16:37.111536,326.67,22.56,0
1697,2026-04-03 21:17:37.111766,301.67,22.56,0
1698,2026-04-03 21:18:37.110508,289.17,22.56,0
1699,2026-04-03 21:19:37.112096,266.67,22.56,0
1700,2026-04-03 21:20:37.111747,246.67,22.56,24.67
1701,2026-04-03 21:21:37.112335,225.83,22.56,0
1702,2026-04-03 21:22:37.107613,205.83,22.56,0
1703,2026-04-03 21:23:37.112179,202.5,22.56,0
1704,2026-04-03 21:24:37.111498,200.83,22.5,0
1705,2026-04-03 21:25:37.112318,200,22.56,0
1706,2026-04-03 21:26:37.111582,201.67,22.5,0
1707,2026-04-03 21:27:37.111078,200,22.5,0
1708,2026-04-03 21:28:37.111838,195.83,22.56,0
1709,2026-04-03 21:29:37.112273,190,22.56,0
1710,2026-04-03 21:30:37.111455,183.33,22.56,0
1711,2026-04-03 21:31:37.112189,180,22.56,0
1712,2026-04-03 21:32:37.107594,174.17,22.56,0
1713,2026-04-03 21:33:37.111002,167.5,22.5,0
1714,2026-04-03 21:34:37.111865,161.67,22.56,0
1715,2026-04-03 21:35:37.108153,157.5,22.56,0
1716,2026-04-03 21:36:37.107958,152.5,22.5,0
1717,2026-04-03 21:37:37.111932,145.83,22.56,0
1718,2026-04-03 21:38:37.111421,141.67,22.56,0
1719,2026-04-03 21:39:37.107628,138.33,22.56,0
1720,2026-04-03 21:40:37.111867,135.83,22.5,0
1721,2026-04-03 21:41:37.1099,135,22.5,0
1722,2026-04-03 21:42:37.112406,137.5,22.5,0
1723,2026-04-03 21:43:37.107621,140.83,22.56,0
1724,2026-04-03 21:44:37.111446,145,22.56,0
1725,2026-04-03 21:45:37.11236,150,22.56,0
1726,2026-04-03 21:46:37.112201,151.67,22.5,0
1727,2026-04-03 21:47:37.107587,154.17,22.5,0
1728,2026-04-03 21:48:37.1076,156.67,22.5,0
1729,2026-04-03 21:49:37.111818,161.67,22.5,0
1730,2026-04-03 21:50:37.111861,167.5,22.5,0
1731,2026-04-03 21:51:37.112018,174.17,22.5,0
1732,2026-04-03 21:52:37.112348,184.17,22.5,0
1733,2026-04-03 21:53:37.111451,195.83,22.56,0
1734,2026-04-03 21:54:37.112434,205,22.56,0
1735,2026-04-03 21:55:37.111908,210.83,22.5,0
1736,2026-04-03 21:56:37.111969,210,22.56,0
1737,2026-04-03 21:57:37.107519,202.5,22.56,0
1738,2026-04-03 21:58:37.112353,189.17,22.56,0
1739,2026-04-03 21:59:37.112337,181.67,22.5,0
1740,2026-04-03 22:00:37.107566,179.17,22.5,0
1741,2026-04-03 22:01:37.111688,180.83,22.5,0
1742,2026-04-03 22:02:37.111685,185,22.5,0
1743,2026-04-03 22:03:37.112359,184.17,22.5,0
1744,2026-04-03 22:04:37.111859,182.5,22.56,0
1745,2026-04-03 22:05:37.110817,181.67,22.56,0
1746,2026-04-03 22:06:37.112403,179.17,22.5,0
1747,2026-04-03 22:07:37.112139,162.5,22.5,0
1748,2026-04-03 22:08:37.112618,136.67,22.5,0
1749,2026-04-03 22:09:37.112259,113.33,22.5,0
1750,2026-04-03 22:10:37.107565,85.83,22.5,0
1751,2026-04-03 22:11:37.111595,67.5,22.5,0
1752,2026-04-03 22:12:37.111992,62.5,22.56,0
1753,2026-04-03 22:13:37.112079,59.17,22.56,0
1754,2026-04-03 22:14:37.107598,55,22.56,0
1755,2026-04-03 22:15:37.111887,45,22.5,0
1756,2026-04-03 22:16:37.108283,39.17,22.5,0
1757,2026-04-03 22:17:37.107404,37.5,22.5,0
1758,2026-04-03 22:18:37.111265,35,22.56,0
1759,2026-04-03 22:19:37.109847,31.67,22.5,0
1760,2026-04-03 22:20:37.107992,27.5,22.56,0
1761,2026-04-03 22:21:37.111213,26.67,22.5,0
1762,2026-04-03 22:22:37.111595,26.67,22.5,0
1763,2026-04-03 22:23:37.111354,26.67,22.56,0
1764,2026-04-03 22:24:37.111746,26.67,22.5,0
1765,2026-04-03 22:25:37.107527,27.5,22.5,0
1766,2026-04-03 22:26:37.1121,29.17,22.5,0
1767,2026-04-03 22:27:37.111758,29.17,22.5,0
1768,2026-04-03 22:28:37.112296,27.5,22.56,0
1769,2026-04-03 22:29:37.111226,27.5,22.5,0
1770,2026-04-03 22:30:37.110955,28.33,22.5,0
1771,2026-04-03 22:31:37.10775,28.33,22.5,0
1772,2026-04-03 22:32:37.10758,27.5,22.5,0
1773,2026-04-03 22:33:37.110468,26.67,22.5,0
1774,2026-04-03 22:34:37.107506,26.67,22.5,0
1775,2026-04-03 22:35:37.107264,26.67,22.5,0
1776,2026-04-03 22:36:37.111335,25.83,22.56,0
1777,2026-04-03 22:37:37.112354,25,22.5,0
1778,2026-04-03 22:38:37.110874,26.67,22.56,0
1779,2026-04-03 22:39:37.112543,29.17,22.5,0
1780,2026-04-03 22:40:37.111706,31.67,22.56,0
1781,2026-04-03 22:41:37.107537,34.17,22.5,0
1782,2026-04-03 22:42:37.107598,35.83,22.5,0
1783,2026-04-03 22:43:37.112281,35,22.5,0
1784,2026-04-03 22:44:37.112216,37.5,22.56,0
1785,2026-04-03 22:45:37.107614,37.5,22.56,0
1786,2026-04-03 22:46:37.112245,39.17,22.5,0
1787,2026-04-03 22:47:37.112512,41.67,22.5,0
1788,2026-04-03 22:48:37.112673,43.33,22.5,0
1789,2026-04-03 22:49:37.112221,48.33,22.5,0
1790,2026-04-03 22:50:37.107646,57.5,22.5,0
1791,2026-04-03 22:51:37.111406,70.83,22.5,0
1792,2026-04-03 22:52:37.107564,87.5,22.5,0
1793,2026-04-03 22:53:37.112062,123.33,22.5,0
1794,2026-04-03 22:54:37.107508,183.33,22.5,0
1795,2026-04-03 22:55:37.11149,270.83,22.5,0
1796,2026-04-03 22:56:37.111992,404.17,22.5,0
1797,2026-04-03 22:57:37.107535,534.17,22.5,0
1798,2026-04-03 22:58:37.111628,620.83,22.56,0
1799,2026-04-03 22:59:37.1089,660,22.5,0
1800,2026-04-03 23:00:37.111504,604.17,22.5,0
1801,2026-04-03 23:01:37.111881,520.83,22.56,0
1802,2026-04-03 23:02:37.112105,459.17,22.56,0
1803,2026-04-03 23:03:37.112291,365.83,22.5,0
1804,2026-04-03 23:04:37.112306,320,22.5,0
1805,2026-04-03 23:05:37.112568,270.83,22.5,0
1806,2026-04-03 23:06:37.107627,224.17,22.56,0
1807,2026-04-03 23:07:37.107663,200,22.56,0
1808,2026-04-03 23:08:37.111542,181.67,22.5,0
1809,2026-04-03 23:09:37.112237,165.83,22.5,0
1810,2026-04-03 23:10:37.112049,152.5,22.56,0
1811,2026-04-03 23:11:37.111602,147.5,22.5,0
1812,2026-04-03 23:12:37.112057,135.83,22.56,0
1813,2026-04-03 23:13:37.11148,114.17,22.5,0
1814,2026-04-03 23:14:37.111829,95.83,22.5,0
1815,2026-04-03 23:15:37.10748,80.83,22.5,0
1816,2026-04-03 23:16:37.112364,67.5,22.56,0
1817,2026-04-03 23:17:37.111672,60,22.56,0
1818,2026-04-03 23:18:37.11247,55,22.56,0
1819,2026-04-03 23:19:37.110934,51.67,22.5,0
1820,2026-04-03 23:20:37.112256,47.5,22.5,0
1821,2026-04-03 23:21:37.107581,42.5,22.56,0
1822,2026-04-03 23:22:37.108373,39.17,22.5,0
1823,2026-04-03 23:23:37.107195,37.5,22.56,0
1824,2026-04-03 23:24:37.111514,30,22.56,0
1825,2026-04-03 23:25:37.112089,25.83,22.5,0
1826,2026-04-03 23:26:37.112233,22.5,22.56,0
1827,2026-04-03 23:27:37.111756,20.83,22.56,0
1828,2026-04-03 23:28:37.111754,20,22.5,0
1829,2026-04-03 23:29:37.112196,18.33,22.56,0
1830,2026-04-03 23:30:37.11157,15.83,22.5,0
1831,2026-04-03 23:31:37.107216,12.5,22.56,0
1832,2026-04-03 23:32:37.111948,11.67,22.56,0
1833,2026-04-03 23:33:37.111506,10.83,22.56,0
1834,2026-04-03 23:34:37.107975,11.67,22.5,0
1835,2026-04-03 23:35:37.112539,11.67,22.56,0
1836,2026-04-03 23:36:37.113288,11.67,22.56,0
1837,2026-04-03 23:37:37.111419,11.67,22.5,0
1838,2026-04-03 23:38:37.112211,10,22.56,0
1839,2026-04-03 23:39:37.112251,9.17,22.5,0
1840,2026-04-03 23:40:37.107525,6.67,22.56,0
1841,2026-04-03 23:41:37.107588,6.67,22.56,0
1842,2026-04-03 23:42:37.107658,5.83,22.56,0
1843,2026-04-03 23:43:37.110848,5,22.56,0
1844,2026-04-03 23:44:37.11243,5.83,22.56,0
1845,2026-04-03 23:45:37.110874,6.67,22.56,0
1846,2026-04-03 23:46:37.1117,7.5,22.5,0
1847,2026-04-03 23:47:37.107542,7.5,22.56,0
1848,2026-04-03 23:48:37.110863,8.33,22.56,0
1849,2026-04-03 23:49:37.112392,8.33,22.56,0
1850,2026-04-03 23:50:37.112325,7.5,22.56,0
1851,2026-04-03 23:51:37.111557,7.5,22.56,0
1852,2026-04-03 23:52:37.112299,8.33,22.56,0
1853,2026-04-03 23:53:37.111134,9.17,22.5,0
1854,2026-04-03 23:54:37.111456,8.33,22.56,0
1855,2026-04-03 23:55:37.112046,8.33,22.56,0
1856,2026-04-03 23:56:37.111747,8.33,22.56,0
1857,2026-04-03 23:57:37.111697,10,22.56,0
1858,2026-04-03 23:58:37.113582,10,22.56,0
1859,2026-04-03 23:59:37.112167,10.83,22.56,0
1860,2026-04-04 00:00:37.111952,11.67,22.56,0
1861,2026-04-04 00:01:37.112069,11.67,22.56,0
1862,2026-04-04 00:02:37.112473,12.5,22.56,0
1863,2026-04-04 00:03:37.111919,13.33,22.56,0
1864,2026-04-04 00:04:37.112163,14.17,22.56,0
1865,2026-04-04 00:05:37.10784,15,22.62,0
1866,2026-04-04 00:06:37.112161,15,22.56,0
1867,2026-04-04 00:07:37.112514,14.17,22.56,0
1868,2026-04-04 00:08:37.112027,13.33,22.56,0
1869,2026-04-04 00:09:37.10755,13.33,22.56,0
1870,2026-04-04 00:10:37.111484,12.5,22.56,0
1871,2026-04-04 00:11:37.107619,13.33,22.56,0
1872,2026-04-04 00:12:37.107588,15,22.56,0
1873,2026-04-04 00:13:37.109281,15,22.56,0
1874,2026-04-04 00:14:37.10753,15,22.56,0
1875,2026-04-04 00:15:37.113147,16.67,22.56,0
1876,2026-04-04 00:16:37.107776,18.33,22.56,0
1877,2026-04-04 00:17:37.107556,17.5,22.56,0
1878,2026-04-04 00:18:37.111521,15,22.56,0
1879,2026-04-04 00:19:37.11178,12.5,22.56,0
1880,2026-04-04 00:20:37.107622,10,22.56,0
1881,2026-04-04 00:21:37.111533,8.33,22.56,0
1882,2026-04-04 00:22:37.107589,7.5,22.56,0
1883,2026-04-04 00:23:37.107662,8.33,22.56,0
1884,2026-04-04 00:24:37.107552,9.17,22.56,0
1885,2026-04-04 00:25:37.111733,9.17,22.56,0
1886,2026-04-04 00:26:37.107542,9.17,22.56,0
1887,2026-04-04 00:27:37.112077,10,22.56,0
1888,2026-04-04 00:28:37.11226,10.83,22.56,0
1889,2026-04-04 00:29:37.112386,10,22.56,0
1890,2026-04-04 00:30:37.11158,9.17,22.56,0
1891,2026-04-04 00:31:37.112311,9.17,22.62,0
1892,2026-04-04 00:32:37.112264,8.33,22.56,0
1893,2026-04-04 00:33:37.112537,6.67,22.56,0
1894,2026-04-04 00:34:37.111672,6.67,22.56,0
1895,2026-04-04 00:35:37.112296,7.5,22.56,0
1896,2026-04-04 00:36:37.10762,7.5,22.56,0
1897,2026-04-04 00:37:37.112106,7.5,22.56,0
1898,2026-04-04 00:38:37.10761,8.33,22.62,0
1899,2026-04-04 00:39:37.112352,7.5,22.56,0
1900,2026-04-04 00:40:37.107689,6.67,22.56,0
1901,2026-04-04 00:41:37.111782,25,22.56,0
1902,2026-04-04 00:42:37.112246,20,22.56,0
1903,2026-04-04 00:43:37.11161,19.17,22.56,0
1904,2026-04-04 00:44:37.112696,18.33,22.56,0
1905,2026-04-04 00:45:37.111748,18.33,22.56,0
1906,2026-04-04 00:46:37.107683,18.33,22.56,0
1907,2026-04-04 00:47:37.110994,16.67,22.56,0
1908,2026-04-04 00:48:37.109171,15.83,22.56,0
1909,2026-04-04 00:49:37.112397,15.83,22.56,0
1910,2026-04-04 00:50:37.112118,15,22.62,0
1911,2026-04-04 00:51:37.112163,14.17,22.56,0
1912,2026-04-04 00:52:37.107629,15,22.56,0
1913,2026-04-04 00:53:37.107586,14.17,22.56,0
1914,2026-04-04 00:54:37.107541,14.17,22.62,0
1915,2026-04-04 00:55:37.107735,14.17,22.62,0
1916,2026-04-04 00:56:37.111903,14.17,22.56,0
1917,2026-04-04 00:57:37.107616,13.33,22.62,0
1918,2026-04-04 00:58:37.112319,14.17,22.56,0
1919,2026-04-04 00:59:37.110919,14.17,22.62,0
1920,2026-04-04 01:00:37.112145,13.33,22.56,0
1921,2026-04-04 01:01:37.111336,14.17,22.62,0
1922,2026-04-04 01:02:37.111655,13.33,22.56,0
1923,2026-04-04 01:03:37.111096,14.17,22.62,0
1924,2026-04-04 01:04:37.112534,14.17,22.56,0
1925,2026-04-04 01:05:37.112256,14.17,22.56,0
1926,2026-04-04 01:06:37.107455,13.33,22.62,0
1927,2026-04-04 01:07:37.112184,14.17,22.56,0
1928,2026-04-04 01:08:37.111629,14.17,22.56,0
1929,2026-04-04 01:09:37.112639,13.33,22.62,0
1930,2026-04-04 01:10:37.107572,14.17,22.62,0
1931,2026-04-04 01:11:37.112287,13.33,22.62,0
1932,2026-04-04 01:12:37.111558,13.33,22.62,0
1933,2026-04-04 01:13:37.112331,13.33,22.62,0
1934,2026-04-04 01:14:37.111795,13.33,22.62,0
1935,2026-04-04 01:15:37.107743,13.33,22.56,0
1936,2026-04-04 01:16:37.10764,13.33,22.62,0
1937,2026-04-04 01:17:37.111392,12.5,22.62,0
1938,2026-04-04 01:18:37.111626,12.5,22.62,0
1939,2026-04-04 01:19:37.112117,13.33,22.62,0
1940,2026-04-04 01:20:37.112057,12.5,22.62,0
1941,2026-04-04 01:21:37.112369,13.33,22.62,0
1942,2026-04-04 01:22:37.111532,13.33,22.62,0
1943,2026-04-04 01:23:37.111579,13.33,22.62,0
1944,2026-04-04 01:24:37.111001,12.5,22.62,0
1945,2026-04-04 01:25:37.107213,12.5,22.62,0
1946,2026-04-04 01:26:37.107587,13.33,22.62,0
1947,2026-04-04 01:27:37.107598,13.33,22.62,0
1948,2026-04-04 01:28:37.112108,13.33,22.62,0
1949,2026-04-04 01:29:37.110681,13.33,22.62,0
1950,2026-04-04 01:30:37.111823,12.5,22.62,0
1951,2026-04-04 01:31:37.110455,12.5,22.62,0
1952,2026-04-04 01:32:37.11213,13.33,22.62,0
1953,2026-04-04 01:33:37.1125,12.5,22.62,0
1954,2026-04-04 01:34:37.111769,13.33,22.62,0
1955,2026-04-04 01:35:37.112255,13.33,22.62,0
1956,2026-04-04 01:36:37.112458,12.5,22.62,0
1957,2026-04-04 01:37:37.112054,13.33,22.62,0
1958,2026-04-04 01:38:37.107552,13.33,22.62,0
1959,2026-04-04 01:39:37.112607,12.5,22.62,0
1960,2026-04-04 01:40:37.111015,13.33,22.62,0
1961,2026-04-04 01:41:37.112161,12.5,22.62,0
1962,2026-04-04 01:42:37.112427,12.5,22.62,0
1963,2026-04-04 01:43:37.112389,13.33,22.62,0
1964,2026-04-04 01:44:37.111478,12.5,22.62,0
1965,2026-04-04 01:45:37.112254,12.5,22.62,0
1966,2026-04-04 01:46:37.111922,15.83,22.62,0
1967,2026-04-04 01:47:37.107616,15.83,22.62,0
1968,2026-04-04 01:48:37.111942,15.83,22.62,0
1969,2026-04-04 01:49:37.111456,15.83,22.62,0
1970,2026-04-04 01:50:37.107558,12.5,22.62,0
1971,2026-04-04 01:51:37.112345,13.33,22.62,0
1972,2026-04-04 01:52:37.107605,12.5,22.62,0
1973,2026-04-04 01:53:37.107599,13.33,22.62,0
1974,2026-04-04 01:54:37.111853,13.33,22.62,0
1975,2026-04-04 01:55:37.11095,13.33,22.62,0
1976,2026-04-04 01:56:37.112364,13.33,22.62,0
1977,2026-04-04 01:57:37.107562,13.33,22.62,0
1978,2026-04-04 01:58:37.107616,12.5,22.62,0
1979,2026-04-04 01:59:37.107592,13.33,22.62,0
1980,2026-04-04 02:00:37.109643,13.33,22.62,0
1981,2026-04-04 02:01:37.112226,12.5,22.62,0
1982,2026-04-04 02:02:37.112599,13.33,22.62,0
1983,2026-04-04 02:03:37.111164,13.33,22.62,0
1984,2026-04-04 02:04:37.112444,13.33,22.62,0
1985,2026-04-04 02:05:37.111746,13.33,22.62,0
1986,2026-04-04 02:06:37.107608,13.33,22.62,0
1987,2026-04-04 02:07:37.107622,13.33,22.62,0
1988,2026-04-04 02:08:37.112295,13.33,22.62,0
1989,2026-04-04 02:09:37.107803,13.33,22.62,0
1990,2026-04-04 02:10:37.107598,13.33,22.62,0
1991,2026-04-04 02:11:37.112253,13.33,22.62,0
1992,2026-04-04 02:12:37.11086,4.17,22.62,0
1993,2026-04-04 02:13:37.111791,15,22.62,0
1994,2026-04-04 02:14:37.112414,15.83,22.62,0
1995,2026-04-04 02:15:37.112369,15.83,22.62,0
1996,2026-04-04 02:16:37.111537,15.83,22.62,0
1997,2026-04-04 02:17:37.11228,15,22.62,0
1998,2026-04-04 02:18:37.111696,15.83,22.62,0
1999,2026-04-04 02:19:37.111845,15,22.62,0
2000,2026-04-04 02:20:37.110998,15.83,22.62,0
2001,2026-04-04 02:21:37.111965,15,22.62,0
2002,2026-04-04 02:22:37.112255,15.83,22.62,0
2003,2026-04-04 02:23:37.111816,15,22.62,0
2004,2026-04-04 02:24:37.112061,15,22.62,0
2005,2026-04-04 02:25:37.111533,15,22.62,0
2006,2026-04-04 02:26:37.111718,15.83,22.62,0
2007,2026-04-04 02:27:37.112658,15,22.62,0
2008,2026-04-04 02:28:37.112055,15,22.62,0
2009,2026-04-04 02:29:37.107981,15,22.62,0
2010,2026-04-04 02:30:37.110305,15,22.62,0
2011,2026-04-04 02:31:37.107656,15,22.62,0
2012,2026-04-04 02:32:37.111748,15,22.62,0
2013,2026-04-04 02:33:37.107695,15,22.62,0
2014,2026-04-04 02:34:37.111628,15,22.62,0
2015,2026-04-04 02:35:37.111822,15.83,22.62,0
2016,2026-04-04 02:36:37.11193,15,22.62,0
2017,2026-04-04 02:37:37.110856,13.33,22.62,0
2018,2026-04-04 02:38:37.112024,13.33,22.62,0
2019,2026-04-04 02:39:37.107807,12.5,22.62,0
2020,2026-04-04 02:40:37.10752,13.33,22.62,0
2021,2026-04-04 02:41:37.108632,13.33,22.62,0
2022,2026-04-04 02:42:37.111672,12.5,22.62,0
2023,2026-04-04 02:43:37.111468,12.5,22.62,0
2024,2026-04-04 02:44:37.107699,13.33,22.69,0
2025,2026-04-04 02:45:37.107585,12.5,22.62,0
2026,2026-04-04 02:46:37.11161,12.5,22.62,0
2027,2026-04-04 02:47:37.111504,15,22.62,0
2028,2026-04-04 02:48:37.110923,16.67,22.62,0
2029,2026-04-04 02:49:37.111825,16.67,22.62,0
2030,2026-04-04 02:50:37.11171,17.5,22.69,0
2031,2026-04-04 02:51:37.107735,16.67,22.62,0
2032,2026-04-04 02:52:37.107246,16.67,22.62,0
2033,2026-04-04 02:53:37.107625,16.67,22.62,0
2034,2026-04-04 02:54:37.107226,15,22.62,0
2035,2026-04-04 02:55:37.111219,15,22.62,0
2036,2026-04-04 02:56:37.112066,15,22.62,0
2037,2026-04-04 02:57:37.111986,15.83,22.62,0
2038,2026-04-04 02:58:37.11208,14.17,22.62,0
2039,2026-04-04 02:59:37.107943,15,22.69,0
2040,2026-04-04 03:00:37.112345,16.67,22.69,0
2041,2026-04-04 03:01:37.111641,15.83,22.69,0
2042,2026-04-04 03:02:37.11236,16.67,22.62,0
2043,2026-04-04 03:03:37.107603,16.67,22.62,0
2044,2026-04-04 03:04:37.111697,16.67,22.69,0
2045,2026-04-04 03:05:37.107511,16.67,22.69,0
2046,2026-04-04 03:06:37.111781,17.5,22.69,0
2047,2026-04-04 03:07:37.107522,16.67,22.69,0
2048,2026-04-04 03:08:37.112369,16.67,22.69,0
2049,2026-04-04 03:09:37.111551,17.5,22.69,0
2050,2026-04-04 03:10:37.107591,16.67,22.62,0
2051,2026-04-04 03:11:37.107623,16.67,22.69,0
2052,2026-04-04 03:12:37.107841,17.5,22.69,0
2053,2026-04-04 03:13:37.107588,16.67,22.62,0
2054,2026-04-04 03:14:37.108998,16.67,22.69,0
2055,2026-04-04 03:15:37.108292,17.5,22.69,0
2056,2026-04-04 03:16:37.112285,16.67,22.69,0
2057,2026-04-04 03:17:37.107555,16.67,22.69,0
2058,2026-04-04 03:18:37.112353,17.5,22.69,0
2059,2026-04-04 03:19:37.112349,16.67,22.62,0
2060,2026-04-04 03:20:37.110461,16.67,22.62,0
2061,2026-04-04 03:21:37.112228,16.67,22.69,0
2062,2026-04-04 03:22:37.11097,17.5,22.69,0
2063,2026-04-04 03:23:37.111591,17.5,22.69,0
2064,2026-04-04 03:24:37.107594,16.67,22.69,0
2065,2026-04-04 03:25:37.107743,17.5,22.69,0
2066,2026-04-04 03:26:37.110857,16.67,22.69,0
2067,2026-04-04 03:27:37.11173,16.67,22.69,0
2068,2026-04-04 03:28:37.110794,16.67,22.69,0
2069,2026-04-04 03:29:37.112045,16.67,22.69,0
2070,2026-04-04 03:30:37.113071,16.67,22.69,0
2071,2026-04-04 03:31:37.111385,16.67,22.69,0
2072,2026-04-04 03:32:37.112417,16.67,22.69,0
2073,2026-04-04 03:33:37.111628,17.5,22.69,0
2074,2026-04-04 03:34:37.111936,16.67,22.69,0
2075,2026-04-04 03:35:37.112344,16.67,22.69,0
2076,2026-04-04 03:36:37.107532,16.67,22.69,0
2077,2026-04-04 03:37:37.111681,17.5,22.69,0
2078,2026-04-04 03:38:37.107591,17.5,22.69,0
2079,2026-04-04 03:39:37.112596,16.67,22.69,0
2080,2026-04-04 03:40:37.111639,16.67,22.69,0
2081,2026-04-04 03:41:37.112273,16.67,22.69,0
2082,2026-04-04 03:42:37.112614,16.67,22.69,0
2083,2026-04-04 03:43:37.111775,17.5,22.69,0
2084,2026-04-04 03:44:37.112,16.67,22.69,0
2085,2026-04-04 03:45:37.109568,16.67,22.69,0
2086,2026-04-04 03:46:37.112051,16.67,22.69,0
2087,2026-04-04 03:47:37.112417,16.67,22.69,0
2088,2026-04-04 03:48:37.10756,16.67,22.69,0
2089,2026-04-04 03:49:37.107774,16.67,22.69,0
2090,2026-04-04 03:50:37.112132,17.5,22.69,0
2091,2026-04-04 03:51:37.107382,16.67,22.69,0
2092,2026-04-04 03:52:37.107596,16.67,22.69,0
2093,2026-04-04 03:53:37.108084,17.5,22.69,0
2094,2026-04-04 03:54:37.107168,16.67,22.69,0
2095,2026-04-04 03:55:37.107541,16.67,22.69,0
2096,2026-04-04 03:56:37.107536,16.67,22.69,0
2097,2026-04-04 03:57:37.111544,17.5,22.69,0
2098,2026-04-04 03:58:37.111632,17.5,22.69,0
2099,2026-04-04 03:59:37.107488,16.67,22.69,0
2100,2026-04-04 04:00:37.112353,16.67,22.69,0
2101,2026-04-04 04:01:37.111649,16.67,22.69,0
2102,2026-04-04 04:02:37.10756,17.5,22.69,0
2103,2026-04-04 04:03:37.112017,0,22.69,0
2104,2026-04-04 04:04:37.111032,0,22.69,0
2105,2026-04-04 04:05:37.111593,0,22.69,0
2106,2026-04-04 04:06:37.111435,0,22.69,0
2107,2026-04-04 04:07:37.111544,0,22.69,0
2108,2026-04-04 04:08:37.11244,0,22.69,0
2109,2026-04-04 04:09:37.112124,0,22.69,0
2110,2026-04-04 04:10:37.107756,0,22.69,0
2111,2026-04-04 04:11:37.111655,0,22.69,0
2112,2026-04-04 04:12:37.10754,0,22.69,0
2113,2026-04-04 04:13:37.111404,0,22.69,0
2114,2026-04-04 04:14:37.112334,0,22.69,0
2115,2026-04-04 04:15:37.112014,0,22.69,0
2116,2026-04-04 04:16:37.112345,0,22.69,0
2117,2026-04-04 04:17:37.110855,0,22.69,0
2118,2026-04-04 04:18:37.107589,0,22.75,0
2119,2026-04-04 04:19:37.111092,0,22.69,0
2120,2026-04-04 04:20:37.112096,0,22.69,0
2121,2026-04-04 04:21:37.112198,0,22.69,0
2122,2026-04-04 04:22:37.111263,0,22.69,0
2123,2026-04-04 04:23:37.111463,0,22.69,0
2124,2026-04-04 04:24:37.107678,0,22.69,0
2125,2026-04-04 04:25:37.111767,0,22.69,0
2126,2026-04-04 04:26:37.108684,0,22.69,0
2127,2026-04-04 04:27:37.111684,0,22.69,0
2128,2026-04-04 04:28:37.112346,0,22.69,0
2129,2026-04-04 04:29:37.108006,0,22.69,0
2130,2026-04-04 04:30:37.111703,0,22.69,0
2131,2026-04-04 04:31:37.111102,0,22.69,0
2132,2026-04-04 04:32:37.110949,0,22.75,0
2133,2026-04-04 04:33:37.111886,0,22.69,0
2134,2026-04-04 04:34:37.107482,0,22.69,0
2135,2026-04-04 04:35:37.112402,0,22.69,0
2136,2026-04-04 04:36:37.112557,0,22.75,0
2137,2026-04-04 04:37:37.108391,0,22.69,0
2138,2026-04-04 04:38:37.11164,0,22.69,0
2139,2026-04-04 04:39:37.112813,0,22.69,0
2140,2026-04-04 04:40:37.111475,0,22.69,0
2141,2026-04-04 04:41:37.107962,0,22.69,0
2142,2026-04-04 04:42:37.111736,0,22.69,0
2143,2026-04-04 04:43:37.112611,0,22.69,0
2144,2026-04-04 04:44:37.11195,0,22.69,0
2145,2026-04-04 04:45:37.112513,0,22.69,0
2146,2026-04-04 04:46:37.11086,0,22.69,0
2147,2026-04-04 04:47:37.112176,0,22.69,0
2148,2026-04-04 04:48:37.112218,0,22.69,0
2149,2026-04-04 04:49:37.112298,0,22.69,0
2150,2026-04-04 04:50:37.111904,0,22.69,0
2151,2026-04-04 04:51:37.112148,0,22.69,0
2152,2026-04-04 04:52:37.110286,0,22.69,0
2153,2026-04-04 04:53:37.110869,0,22.69,0
2154,2026-04-04 04:54:37.112009,0,22.69,0
2155,2026-04-04 04:55:37.112177,0,22.69,0
2156,2026-04-04 04:56:37.112295,0,22.69,0
2157,2026-04-04 04:57:37.111931,0,22.69,0
2158,2026-04-04 04:58:37.107608,0,22.69,0
2159,2026-04-04 04:59:37.111776,0,22.69,0
2160,2026-04-04 05:00:37.112539,0,22.69,0
2161,2026-04-04 05:01:37.112367,0,22.69,0
2162,2026-04-04 05:02:37.112379,0,22.69,0
2163,2026-04-04 05:03:37.111881,0,22.69,0
2164,2026-04-04 05:04:37.107581,0,22.69,0
2165,2026-04-04 05:05:37.107682,0,22.69,0
2166,2026-04-04 05:06:37.107598,0,22.69,0
2167,2026-04-04 05:07:37.107747,0,22.69,0
2168,2026-04-04 05:08:37.107631,0,22.69,0
2169,2026-04-04 05:09:37.108426,0,22.69,0
2170,2026-04-04 05:10:37.107529,0,22.69,0
2171,2026-04-04 05:11:37.111724,0,22.69,0
2172,2026-04-04 05:12:37.112353,0,22.69,0
2173,2026-04-04 05:13:37.111768,0,22.69,0
2174,2026-04-04 05:14:37.111732,0,22.69,0
2175,2026-04-04 05:15:37.111876,0,22.75,0
2176,2026-04-04 05:16:37.112211,0,22.69,0
2177,2026-04-04 05:17:37.107603,0,22.69,0
2178,2026-04-04 05:18:37.112155,0,22.69,0
2179,2026-04-04 05:19:37.107573,0,22.69,0
2180,2026-04-04 05:20:37.112324,0,22.69,0
2181,2026-04-04 05:21:37.107508,0,22.69,0
2182,2026-04-04 05:22:37.107643,0,22.69,0
2183,2026-04-04 05:23:37.111968,0,22.69,0
2184,2026-04-04 05:24:37.112022,0,22.69,0
2185,2026-04-04 05:25:37.112037,0,22.69,0
2186,2026-04-04 05:26:37.111855,0,22.69,0
2187,2026-04-04 05:27:37.112194,0,22.69,0
2188,2026-04-04 05:28:37.112142,0,22.69,0
2189,2026-04-04 05:29:37.111655,0,22.69,0
2190,2026-04-04 05:30:37.112038,0,22.69,0
2191,2026-04-04 05:31:37.113609,0,22.69,0
2192,2026-04-04 05:32:37.111794,0,22.69,0
2193,2026-04-04 05:33:37.11165,0,22.69,0
2194,2026-04-04 05:34:37.111751,0,22.69,0
2195,2026-04-04 05:35:37.112093,0,22.75,0
2196,2026-04-04 05:36:37.112109,0,22.69,0
2197,2026-04-04 05:37:37.111656,0.83,22.69,0
2198,2026-04-04 05:38:37.111442,0,22.69,0
2199,2026-04-04 05:39:37.111685,0,22.69,0
2200,2026-04-04 05:40:37.112376,0,22.69,0
2201,2026-04-04 05:41:37.111727,0,22.69,0
2202,2026-04-04 05:42:37.112122,0,22.69,0
2203,2026-04-04 05:43:37.111783,0,22.69,0
2204,2026-04-04 05:44:37.110445,0,22.69,0
2205,2026-04-04 05:45:37.109012,0,22.69,0
2206,2026-04-04 05:46:37.112033,0,22.69,0
2207,2026-04-04 05:47:37.111431,0,22.69,0
2208,2026-04-04 05:48:37.107251,0,22.69,0
2209,2026-04-04 05:49:37.10761,0,22.69,0
2210,2026-04-04 05:50:37.107336,0,22.69,0
2211,2026-04-04 05:51:37.107967,0,22.69,0
2212,2026-04-04 05:52:37.109136,0,22.69,0
2213,2026-04-04 05:53:37.107585,0,22.69,0
2214,2026-04-04 05:54:37.11167,0,22.69,0
2215,2026-04-04 05:55:37.112139,0,22.69,0
2216,2026-04-04 05:56:37.111448,0,22.69,0
2217,2026-04-04 05:57:37.111623,0,22.69,0
2218,2026-04-04 05:58:37.111801,0,22.69,0
2219,2026-04-04 05:59:37.107563,0,22.69,0
2220,2026-04-04 06:00:37.107854,0,22.69,0
2221,2026-04-04 06:01:37.111951,0,22.69,0
2222,2026-04-04 06:02:37.112131,0,22.69,0
2223,2026-04-04 06:03:37.112327,0,22.69,0
2224,2026-04-04 06:04:37.107316,0,22.69,0
2225,2026-04-04 06:05:37.107627,0,22.69,0
2226,2026-04-04 06:06:37.111197,0,22.69,0
2227,2026-04-04 06:07:37.111579,0,22.69,0
2228,2026-04-04 06:08:37.111728,0,22.69,0
2229,2026-04-04 06:09:37.111436,0,22.69,0
2230,2026-04-04 06:10:37.107614,0,22.69,0
2231,2026-04-04 06:11:37.112303,0,22.69,0
2232,2026-04-04 06:12:37.112112,0,22.69,0
2233,2026-04-04 06:13:37.11243,0,22.69,0
2234,2026-04-04 06:14:37.112248,0,22.69,0
2235,2026-04-04 06:15:37.111552,0,22.69,0
2236,2026-04-04 06:16:37.112296,0,22.69,0
2237,2026-04-04 06:17:37.111871,0.83,22.69,0
2238,2026-04-04 06:18:37.112214,0,22.69,0
2239,2026-04-04 06:19:37.112196,0,22.69,0
2240,2026-04-04 06:20:37.107542,0,22.69,0
2241,2026-04-04 06:21:37.111886,0,22.69,0
2242,2026-04-04 06:22:37.112381,0,22.69,0
2243,2026-04-04 06:23:37.11184,0,22.69,0
2244,2026-04-04 06:24:37.112053,0,22.69,0
2245,2026-04-04 06:25:37.111717,0,22.69,0
2246,2026-04-04 06:26:37.10834,0,22.69,0
2247,2026-04-04 06:27:37.110543,0,22.69,0
2248,2026-04-04 06:28:37.112194,0,22.69,0
2249,2026-04-04 06:29:37.107701,0,22.69,0
2250,2026-04-04 06:30:37.112111,0,22.69,0
2251,2026-04-04 06:31:37.10859,0,22.69,0
2252,2026-04-04 06:32:37.111703,0,22.69,0
2253,2026-04-04 06:33:37.112084,0,22.69,0
2254,2026-04-04 06:34:37.107615,0,22.69,0
2255,2026-04-04 06:35:37.107589,0,22.69,0
2256,2026-04-04 06:36:37.107692,0,22.69,0
2257,2026-04-04 06:37:37.107569,0,22.69,0
2258,2026-04-04 06:38:37.111914,0,22.69,0
2259,2026-04-04 06:39:37.112172,0,22.69,0
2260,2026-04-04 06:40:37.112245,0,22.69,0
2261,2026-04-04 06:41:37.108565,0,22.69,0
2262,2026-04-04 06:42:37.112041,0,22.69,0
2263,2026-04-04 06:43:37.110912,0,22.69,0
2264,2026-04-04 06:44:37.112176,0,22.69,0
2265,2026-04-04 06:45:37.107606,0,22.69,0
2266,2026-04-04 06:46:37.107627,0,22.69,0
2267,2026-04-04 06:47:37.11188,0,22.69,0
2268,2026-04-04 06:48:37.11283,0,22.69,0
2269,2026-04-04 06:49:37.112607,0,22.69,0
2270,2026-04-04 06:50:37.110865,0,22.69,0
2271,2026-04-04 06:51:37.107662,0,22.69,0
2272,2026-04-04 06:52:37.10764,0,22.69,0
2273,2026-04-04 06:53:37.112309,0,22.69,0
2274,2026-04-04 06:54:37.112383,0,22.69,0
2275,2026-04-04 06:55:37.10761,0,22.69,0
2276,2026-04-04 06:56:37.107771,0,22.69,0
2277,2026-04-04 06:57:37.110788,0,22.69,0
2278,2026-04-04 06:58:37.111754,0,22.69,0
2279,2026-04-04 06:59:37.112588,0,22.62,0
2280,2026-04-04 07:00:37.11222,0,22.69,0
2281,2026-04-04 07:01:37.112374,0,22.69,0
2282,2026-04-04 07:02:37.110876,0,22.69,0
2283,2026-04-04 07:03:37.111615,0,22.69,0
2284,2026-04-04 07:04:37.107624,0,22.69,0
2285,2026-04-04 07:05:37.107566,0,22.69,0
2286,2026-04-04 07:06:37.11108,0,22.69,0
2287,2026-04-04 07:07:37.111591,0,22.69,0
2288,2026-04-04 07:08:37.11179,0,22.69,0
2289,2026-04-04 07:09:37.110898,0,22.69,0
2290,2026-04-04 07:10:37.111308,0,22.69,0
2291,2026-04-04 07:11:37.111921,0,22.69,0
2292,2026-04-04 07:12:37.107684,0,22.69,0
2293,2026-04-04 07:13:37.111456,0,22.69,0
2294,2026-04-04 07:14:37.108757,0,22.69,0
2295,2026-04-04 07:15:37.107592,0,22.69,0
2296,2026-04-04 07:16:37.111636,0,22.69,0
2297,2026-04-04 07:17:37.10761,0,22.69,0
2298,2026-04-04 07:18:37.110961,0,22.69,0
2299,2026-04-04 07:19:37.111358,0,22.69,0
2300,2026-04-04 07:20:37.110861,0,22.69,0
2301,2026-04-04 07:21:37.112035,0,22.69,0
2302,2026-04-04 07:22:37.11076,0,22.69,0
2303,2026-04-04 07:23:37.109539,0,22.69,0
2304,2026-04-04 07:24:37.107697,0,22.69,0
2305,2026-04-04 07:25:37.111844,0,22.69,0
2306,2026-04-04 07:26:37.11152,0,22.69,0
2307,2026-04-04 07:27:37.111551,0,22.62,0
2308,2026-04-04 07:28:37.111404,0,22.69,0
2309,2026-04-04 07:29:37.112658,0,22.69,0
2310,2026-04-04 07:30:37.107498,0,22.69,0
2311,2026-04-04 07:31:37.111673,0,22.69,0
2312,2026-04-04 07:32:37.111624,0,22.62,0
2313,2026-04-04 07:33:37.107708,0,22.69,0
2314,2026-04-04 07:34:37.112236,0,22.69,0
2315,2026-04-04 07:35:37.112342,0,22.69,0
2316,2026-04-04 07:36:37.107542,0,22.69,0
2317,2026-04-04 07:37:37.114799,0,22.69,0
2318,2026-04-04 07:38:37.112296,0,22.69,0
2319,2026-04-04 07:39:37.110862,0,22.62,0
2320,2026-04-04 07:40:37.112274,0,22.62,0
2321,2026-04-04 07:41:37.111708,0,22.69,0
2322,2026-04-04 07:42:37.107953,0,22.69,0
2323,2026-04-04 07:43:37.10772,0,22.62,0
2324,2026-04-04 07:44:37.107988,0,22.62,0
2325,2026-04-04 07:45:37.107615,0,22.69,0
2326,2026-04-04 07:46:37.11077,0,22.62,0
2327,2026-04-04 07:47:37.111154,0,22.69,0
2328,2026-04-04 07:48:37.110959,0,22.69,0
2329,2026-04-04 07:49:37.112296,0,22.62,0
2330,2026-04-04 07:50:37.112096,0,22.62,0
2331,2026-04-04 07:51:37.112323,0,22.69,0
2332,2026-04-04 07:52:37.107735,0,22.69,0
2333,2026-04-04 07:53:37.107616,0,22.62,0
2334,2026-04-04 07:54:37.10757,0,22.62,0
2335,2026-04-04 07:55:37.10767,0,22.69,0
2336,2026-04-04 07:56:37.111643,0,22.62,0
2337,2026-04-04 07:57:37.10754,0,22.62,0
2338,2026-04-04 07:58:37.111878,0,22.62,0
2339,2026-04-04 07:59:37.112363,0,22.62,0
2340,2026-04-04 08:00:37.111891,0,22.62,0
2341,2026-04-04 08:01:37.110877,0,22.62,0
2342,2026-04-04 08:02:37.111944,0,22.62,0
2343,2026-04-04 08:03:37.111727,0,22.62,0
2344,2026-04-04 08:04:37.112399,0,22.62,0
2345,2026-04-04 08:05:37.111776,0,22.62,0
2346,2026-04-04 08:06:37.112178,0,22.62,0
2347,2026-04-04 08:07:37.111857,0,22.62,0
2348,2026-04-04 08:08:37.107758,0,22.62,0
2349,2026-04-04 08:09:37.107551,0,22.62,0
2350,2026-04-04 08:10:37.107808,0,22.62,0
2351,2026-04-04 08:11:37.111807,0,22.56,0
2352,2026-04-04 08:12:37.111554,0,22.62,0
2353,2026-04-04 08:13:37.111732,0,22.62,0
2354,2026-04-04 08:14:37.107538,0,22.62,0
2355,2026-04-04 08:15:37.10716,0,22.62,0
2356,2026-04-04 08:16:37.109631,0,22.62,0
2357,2026-04-04 08:17:37.107489,0,22.62,0
2358,2026-04-04 08:18:37.112098,0,22.62,0
2359,2026-04-04 08:19:37.110832,0,22.62,0
2360,2026-04-04 08:20:37.112206,0,22.62,0
2361,2026-04-04 08:21:37.107604,0,22.62,0
2362,2026-04-04 08:22:37.115985,0,22.62,0
2363,2026-04-04 08:23:37.107517,0,22.62,0
2364,2026-04-04 08:24:37.111801,0,22.62,0
2365,2026-04-04 08:25:37.107634,0,22.62,0
2366,2026-04-04 08:26:37.107819,0,22.62,0
2367,2026-04-04 08:27:37.1109,0,22.56,0
2368,2026-04-04 08:28:37.108774,0,22.62,0
2369,2026-04-04 08:29:37.1076,0,22.56,0
2370,2026-04-04 08:30:37.111405,0,22.62,0
2371,2026-04-04 08:31:37.111563,0,22.62,0
2372,2026-04-04 08:32:37.111585,0,22.56,0
2373,2026-04-04 08:33:37.112406,0,22.62,0
2374,2026-04-04 08:34:37.112103,0,22.56,0
2375,2026-04-04 08:35:37.1118,0,22.56,0
2376,2026-04-04 08:36:37.107848,0,22.56,0
2377,2026-04-04 08:37:37.111065,0,22.62,0
2378,2026-04-04 08:38:37.107508,0,22.62,0
2379,2026-04-04 08:39:37.111729,0,22.62,0
2380,2026-04-04 08:40:37.112114,0,22.62,0
2381,2026-04-04 08:41:37.111644,0,22.62,0
2382,2026-04-04 08:42:37.110923,0,22.56,0
2383,2026-04-04 08:43:37.112225,0,22.56,0
2384,2026-04-04 08:44:37.107235,0,22.56,0
2385,2026-04-04 08:45:37.107722,0,22.56,0
2386,2026-04-04 08:46:37.107584,0,22.56,0
2387,2026-04-04 08:47:37.111007,0,22.56,0
2388,2026-04-04 08:48:37.111737,0,22.56,0
2389,2026-04-04 08:49:37.11147,0,22.56,0
2390,2026-04-04 08:50:37.111752,0,22.56,0
2391,2026-04-04 08:51:37.107578,0,22.56,0
2392,2026-04-04 08:52:37.112082,0,22.56,0
2393,2026-04-04 08:53:37.110992,0,22.56,0
2394,2026-04-04 08:54:37.112165,0,22.56,0
2395,2026-04-04 08:55:37.111011,0,22.56,0
2396,2026-04-04 08:56:37.112268,0,22.56,0
2397,2026-04-04 08:57:37.107828,0,22.56,0
2398,2026-04-04 08:58:37.107605,0,22.56,0
2399,2026-04-04 08:59:37.111595,0,22.56,0
2400,2026-04-04 09:00:37.112105,0,22.56,0
2401,2026-04-04 09:01:37.112277,0,22.56,0
2402,2026-04-04 09:02:37.107589,0,22.56,0
2403,2026-04-04 09:03:37.107587,0,22.56,0
2404,2026-04-04 09:04:37.111651,0,22.56,0
2405,2026-04-04 09:05:37.109412,0,22.5,0
2406,2026-04-04 09:06:37.10812,0,22.56,0
2407,2026-04-04 09:07:37.110613,0,22.56,0
2408,2026-04-04 09:08:37.112272,0,22.56,0
2409,2026-04-04 09:09:37.107674,0,22.56,0
2410,2026-04-04 09:10:37.112227,0,22.56,0
2411,2026-04-04 09:11:37.111984,0,22.56,0
2412,2026-04-04 09:12:37.112149,0,22.56,0
2413,2026-04-04 09:13:37.111869,0,22.56,0
2414,2026-04-04 09:14:37.112389,0,22.56,0
2415,2026-04-04 09:15:37.107637,0,22.5,0
2416,2026-04-04 09:16:37.107719,0,22.56,0
2417,2026-04-04 09:17:37.11165,0,22.56,0
2418,2026-04-04 09:18:37.11092,0,22.56,0
2419,2026-04-04 09:19:37.112379,0,22.56,0
2420,2026-04-04 09:20:37.112404,0,22.56,0
2421,2026-04-04 09:21:37.112289,0,22.56,0
2422,2026-04-04 09:22:37.111619,0,22.56,0
2423,2026-04-04 09:23:37.112304,0,22.5,0
2424,2026-04-04 09:24:37.111668,0,22.56,0
2425,2026-04-04 09:25:37.112013,0,22.56,0
2426,2026-04-04 09:26:37.112268,0,22.5,0
2427,2026-04-04 09:27:37.112308,0,22.56,0
2428,2026-04-04 09:28:37.107582,0,22.56,0
2429,2026-04-04 09:29:37.111826,0,22.56,0
2430,2026-04-04 09:30:37.107635,0,22.56,0
2431,2026-04-04 09:31:37.107742,0,22.56,0
2432,2026-04-04 09:32:37.107818,0,22.56,0
2433,2026-04-04 09:33:37.111671,0,22.5,0
2434,2026-04-04 09:34:37.111669,0,22.56,0
2435,2026-04-04 09:35:37.107586,0,22.56,0
2436,2026-04-04 09:36:37.112071,0,22.56,0
2437,2026-04-04 09:37:37.111922,0,22.56,0
2438,2026-04-04 09:38:37.107817,0,22.5,0
2439,2026-04-04 09:39:37.112383,0,22.56,0
2440,2026-04-04 09:40:37.112216,0,22.56,0
2441,2026-04-04 09:41:37.11254,0,22.56,0
2442,2026-04-04 09:42:37.111896,0,22.5,0
2443,2026-04-04 09:43:37.110767,0,22.5,0
2444,2026-04-04 09:44:37.111945,0,22.56,0
2445,2026-04-04 09:45:37.107507,0,22.56,0
2446,2026-04-04 09:46:37.107834,0,22.5,0
2447,2026-04-04 09:47:37.111863,0,22.56,0
2448,2026-04-04 09:48:37.108836,0,22.5,0
2449,2026-04-04 09:49:37.110873,0,22.56,0
2450,2026-04-04 09:50:37.107575,0,22.56,0
2451,2026-04-04 09:51:37.112499,0,22.5,0
2452,2026-04-04 09:52:37.112217,0,22.56,0
2453,2026-04-04 09:53:37.107862,0,22.5,0
2454,2026-04-04 09:54:37.107618,0,22.5,0
2455,2026-04-04 09:55:37.107566,0,22.5,0
2456,2026-04-04 09:56:37.107592,0,22.5,0
2457,2026-04-04 09:57:37.107723,0,22.5,0
2458,2026-04-04 09:58:37.11232,0,22.56,0
2459,2026-04-04 09:59:37.11188,0,22.56,0
2460,2026-04-04 10:00:37.11226,0,22.56,0
2461,2026-04-04 10:01:37.111022,0,22.56,0
2462,2026-04-04 10:02:37.11201,0,22.56,0
2463,2026-04-04 10:03:37.111008,0,22.5,0
2464,2026-04-04 10:04:37.108589,0,22.5,0
2465,2026-04-04 10:05:37.108022,0,22.5,0
2466,2026-04-04 10:06:37.111445,0,22.5,0
2467,2026-04-04 10:07:37.112725,0,22.5,0
2468,2026-04-04 10:08:37.11204,0,22.5,0
2469,2026-04-04 10:09:37.11234,0,22.5,0
2470,2026-04-04 10:10:37.111638,0,22.5,0
2471,2026-04-04 10:11:37.111877,0,22.56,0
2472,2026-04-04 10:12:37.107614,0,22.56,0
2473,2026-04-04 10:13:37.112262,0,22.5,0
2474,2026-04-04 10:14:37.112186,0,22.5,0
2475,2026-04-04 10:15:37.111991,0,22.56,0
2476,2026-04-04 10:16:37.112384,0,22.5,0
2477,2026-04-04 10:17:37.110123,0,22.5,0
2478,2026-04-04 10:18:37.111092,0,22.56,0
2479,2026-04-04 10:19:37.109735,0,22.56,0
2480,2026-04-04 10:20:37.111824,0,22.5,0
2481,2026-04-04 10:21:37.111252,0,22.5,0
2482,2026-04-04 10:22:37.107668,0,22.5,0
2483,2026-04-04 10:23:37.112335,0,22.56,0
2484,2026-04-04 10:24:37.111941,0,22.5,0
2485,2026-04-04 10:25:37.111529,0,22.5,0
2486,2026-04-04 10:26:37.107166,0,22.5,0
2487,2026-04-04 10:27:37.10767,0,22.5,0
2488,2026-04-04 10:28:37.111016,0,22.5,0
2489,2026-04-04 10:29:37.109236,0,22.5,0
2490,2026-04-04 10:30:37.112202,0,22.5,0
2491,2026-04-04 10:31:37.107575,0,22.5,0
2492,2026-04-04 10:32:37.107497,0,22.56,0
2493,2026-04-04 10:33:37.112289,0,22.5,0
2494,2026-04-04 10:34:37.112163,0,22.5,0
2495,2026-04-04 10:35:37.111907,0,22.5,0
2496,2026-04-04 10:36:37.107242,0,22.5,0
2497,2026-04-04 10:37:37.107554,0,22.5,0
2498,2026-04-04 10:38:37.111869,0,22.5,0
2499,2026-04-04 10:39:37.107563,0,22.5,0
2500,2026-04-04 10:40:37.112312,0,22.5,0
2501,2026-04-04 10:41:37.112365,0,22.5,0
2502,2026-04-04 10:42:37.110793,0,22.5,0
2503,2026-04-04 10:43:37.109417,0,22.5,0
2504,2026-04-04 10:44:37.112326,0,22.5,0
2505,2026-04-04 10:45:37.111978,0,22.5,0
2506,2026-04-04 10:46:37.111727,0,22.5,0
2507,2026-04-04 10:47:37.111932,0,22.5,0
2508,2026-04-04 10:48:37.10755,0,22.5,0
2509,2026-04-04 10:49:37.11222,0,22.5,0
2510,2026-04-04 10:50:37.111553,0,22.5,0
2511,2026-04-04 10:51:37.110691,0,22.5,0
2512,2026-04-04 10:52:37.112171,0,22.5,0
2513,2026-04-04 10:53:37.112369,0,22.5,0
2514,2026-04-04 10:54:37.111708,0,22.5,0
2515,2026-04-04 10:55:37.110845,0,22.5,0
2516,2026-04-04 10:56:37.111499,0,22.5,0
2517,2026-04-04 10:57:37.107872,0,22.5,0
2518,2026-04-04 10:58:37.107508,0,22.5,0
2519,2026-04-04 10:59:37.111998,0,22.5,0
2520,2026-04-04 11:00:37.112281,0,22.5,0
2521,2026-04-04 11:01:37.107507,0,22.5,0
2522,2026-04-04 11:02:37.107637,0,22.5,0
2523,2026-04-04 11:03:37.107551,0,22.5,0
2524,2026-04-04 11:04:37.107614,0,22.5,0
2525,2026-04-04 11:05:37.110995,0,22.5,0
2526,2026-04-04 11:06:37.109189,0,22.5,0
2527,2026-04-04 11:07:37.112015,0,22.5,0
2528,2026-04-04 11:08:37.107568,0,22.5,0
2529,2026-04-04 11:09:37.108405,0,22.5,0
2530,2026-04-04 11:10:37.107656,0,22.5,0
2531,2026-04-04 11:11:37.107489,0,22.5,0
2532,2026-04-04 11:12:37.111962,0,22.5,0
2533,2026-04-04 11:13:37.111863,0,22.5,0
2534,2026-04-04 11:14:37.112212,0,22.5,0
2535,2026-04-04 11:15:37.112074,0,22.5,0
2536,2026-04-04 11:16:37.107586,0,22.5,0
2537,2026-04-04 11:17:37.112021,0,22.5,0
2538,2026-04-04 11:18:37.111785,0,22.5,0
2539,2026-04-04 11:19:37.112438,0,22.5,0
2540,2026-04-04 11:20:37.111875,0,22.5,0
2541,2026-04-04 11:21:37.112269,0,22.5,0
2542,2026-04-04 11:22:37.111743,0,22.5,0
2543,2026-04-04 11:23:37.11246,0,22.5,0
2544,2026-04-04 11:24:37.112332,0,22.5,0
2545,2026-04-04 11:25:37.107544,0,22.5,0
2546,2026-04-04 11:26:37.112243,0,22.5,0
2547,2026-04-04 11:27:37.112674,0,22.5,0
2548,2026-04-04 11:28:37.110944,0,22.5,0
2549,2026-04-04 11:29:37.108589,0,22.5,0
2550,2026-04-04 11:30:37.107655,0,22.5,0
2551,2026-04-04 11:31:37.110996,0,22.5,0
2552,2026-04-04 11:32:37.111731,0,22.5,0
2553,2026-04-04 11:33:37.10782,0,22.5,0
2554,2026-04-04 11:34:37.111524,0,22.5,0
2555,2026-04-04 11:35:37.1109,0,22.5,0
2556,2026-04-04 11:36:37.112577,0,22.5,0
2557,2026-04-04 11:37:37.112625,0,22.5,0
2558,2026-04-04 11:38:37.110829,0,22.5,0
2559,2026-04-04 11:39:37.107704,0,22.5,0
2560,2026-04-04 11:40:37.107208,0,22.5,0
2561,2026-04-04 11:41:37.112396,0,22.5,0
2562,2026-04-04 11:42:37.112234,0,22.5,0
2563,2026-04-04 11:43:37.107614,0,22.5,0
2564,2026-04-04 11:44:37.107301,0,22.5,0
2565,2026-04-04 11:45:37.107808,0,22.5,0
2566,2026-04-04 11:46:37.108103,0,22.44,0
2567,2026-04-04 11:47:37.108541,0,22.5,0
2568,2026-04-04 11:48:37.112342,0,22.5,0
2569,2026-04-04 11:49:37.111977,0,22.5,0
2570,2026-04-04 11:50:37.107619,0,22.5,0
2571,2026-04-04 11:51:37.111602,0,22.5,0
2572,2026-04-04 11:52:37.108068,0,22.5,0
2573,2026-04-04 11:53:37.107611,0,22.5,0
2574,2026-04-04 11:54:37.10755,0,22.44,0
2575,2026-04-04 11:55:37.107519,0,22.44,0
2576,2026-04-04 11:56:37.111822,0,22.5,0
2577,2026-04-04 11:57:37.107595,0,22.44,0
2578,2026-04-04 11:58:37.112411,0,22.5,0
2579,2026-04-04 11:59:37.110881,0,22.44,0
2580,2026-04-04 12:00:37.111827,0,22.5,0
2581,2026-04-04 12:01:37.111717,0,22.5,0
2582,2026-04-04 12:02:37.112001,0,22.44,0
2583,2026-04-04 12:03:37.111839,0,22.5,0
2584,2026-04-04 12:04:37.112253,0,22.44,0
2585,2026-04-04 12:05:37.112452,0,22.44,0
2586,2026-04-04 12:06:37.107542,2.5,22.44,0
2587,2026-04-04 12:07:37.111844,2.5,22.44,0
2588,2026-04-04 12:08:37.112317,2.5,22.5,0
2589,2026-04-04 12:09:37.110677,2.5,22.44,0
2590,2026-04-04 12:10:37.107542,2.5,22.44,0
2591,2026-04-04 12:11:37.109725,16.67,22.5,0
2592,2026-04-04 12:12:37.107583,0,22.44,0
2593,2026-04-04 12:13:37.112035,0,22.5,0
2594,2026-04-04 12:14:37.11227,0,22.44,0
2595,2026-04-04 12:15:37.112107,0.83,22.5,0
2596,2026-04-04 12:16:37.111595,0.83,22.5,0
2597,2026-04-04 12:17:37.107497,0.83,22.5,0
2598,2026-04-04 12:18:37.10756,0.83,22.44,0
2599,2026-04-04 12:19:37.1076,0.83,22.44,0
2600,2026-04-04 12:20:37.108842,2.5,22.44,0
2601,2026-04-04 12:21:37.112085,2.5,22.44,0
2602,2026-04-04 12:22:37.112146,2.5,22.5,0
2603,2026-04-04 12:23:37.11182,3.33,22.44,0
2604,2026-04-04 12:24:37.112121,4.17,22.44,0
2605,2026-04-04 12:25:37.111784,5,22.44,0
2606,2026-04-04 12:26:37.107529,5.83,22.5,0
2607,2026-04-04 12:27:37.1123,7.5,22.44,0
2608,2026-04-04 12:28:37.111824,8.33,22.44,0
2609,2026-04-04 12:29:37.111701,9.17,22.44,0
2610,2026-04-04 12:30:37.114411,10,22.44,0
2611,2026-04-04 12:31:37.11231,12.5,22.44,0
2612,2026-04-04 12:32:37.112176,13.33,22.44,0
2613,2026-04-04 12:33:37.110881,15,22.5,0
2614,2026-04-04 12:34:37.111846,16.67,22.44,0
2615,2026-04-04 12:35:37.112235,19.17,22.44,0
2616,2026-04-04 12:36:37.111994,20,22.44,0
2617,2026-04-04 12:37:37.111798,22.5,22.44,0
2618,2026-04-04 12:38:37.110778,24.17,22.44,0
2619,2026-04-04 12:39:37.111498,26.67,22.44,0
2620,2026-04-04 12:40:37.110928,28.33,22.44,0
2621,2026-04-04 12:41:37.112295,30,22.44,0
2622,2026-04-04 12:42:37.111979,32.5,22.44,0
2623,2026-04-04 12:43:37.107212,35,22.44,0
2624,2026-04-04 12:44:37.10762,36.67,22.44,0
2625,2026-04-04 12:45:37.112114,38.33,22.44,0
2626,2026-04-04 12:46:37.107626,40.83,22.44,0
2627,2026-04-04 12:47:37.112032,43.33,22.44,0
2628,2026-04-04 12:48:37.111821,45,22.44,0
2629,2026-04-04 12:49:37.107699,46.67,22.44,0
2630,2026-04-04 12:50:37.107592,49.17,22.44,0
2631,2026-04-04 12:51:37.107522,50.83,22.44,0
2632,2026-04-04 12:52:37.1117,53.33,22.44,0
2633,2026-04-04 12:53:37.112163,55,22.44,0
2634,2026-04-04 12:54:37.112176,56.67,22.44,0
2635,2026-04-04 12:55:37.111759,58.33,22.44,0
2636,2026-04-04 12:56:37.111515,60,22.44,0
2637,2026-04-04 12:57:37.112567,61.67,22.44,0
2638,2026-04-04 12:58:37.107553,63.33,22.44,0
2639,2026-04-04 12:59:37.107939,65,22.44,0
2640,2026-04-04 13:00:37.112088,66.67,22.44,0
2641,2026-04-04 13:01:37.107644,68.33,22.44,0
2642,2026-04-04 13:02:37.108528,70,22.44,0
2643,2026-04-04 13:03:37.109017,71.67,22.44,0
2644,2026-04-04 13:04:37.110864,73.33,22.44,0
2645,2026-04-04 13:05:37.107592,75.83,22.44,0
2646,2026-04-04 13:06:37.112328,76.67,22.44,0
2647,2026-04-04 13:07:37.111833,78.33,22.44,0
2648,2026-04-04 13:08:37.107755,80,22.38,0
2649,2026-04-04 13:09:37.107233,80.83,22.44,0
2650,2026-04-04 13:10:37.107909,82.5,22.44,0
2651,2026-04-04 13:11:37.107388,84.17,22.44,0
2652,2026-04-04 13:12:37.110808,86.67,22.44,0
2653,2026-04-04 13:13:37.111838,87.5,22.44,0
2654,2026-04-04 13:14:37.112093,89.17,22.44,0
2655,2026-04-04 13:15:37.107497,91.67,22.44,0
2656,2026-04-04 13:16:37.107761,92.5,22.38,0
2657,2026-04-04 13:17:37.107607,95,22.38,0
2658,2026-04-04 13:18:37.107752,96.67,22.44,0
2659,2026-04-04 13:19:37.10758,98.33,22.44,0
2660,2026-04-04 13:20:37.107627,100,22.38,0
2661,2026-04-04 13:21:37.111567,101.67,22.44,0
2662,2026-04-04 13:22:37.111606,103.33,22.38,0
2663,2026-04-04 13:23:37.111798,105,22.44,0
2664,2026-04-04 13:24:37.112104,107.5,22.44,0
2665,2026-04-04 13:25:37.110924,108.33,22.44,0
2666,2026-04-04 13:26:37.112363,110,22.44,0
2667,2026-04-04 13:27:37.112575,110.83,22.38,0
2668,2026-04-04 13:28:37.111519,111.67,22.38,0
2669,2026-04-04 13:29:37.107603,113.33,22.38,0
2670,2026-04-04 13:30:37.107869,115,22.38,0
2671,2026-04-04 13:31:37.10996,115.83,22.44,0
2672,2026-04-04 13:32:37.112195,117.5,22.38,0
2673,2026-04-04 13:33:37.112078,118.33,22.38,0
2674,2026-04-04 13:34:37.111737,120,22.38,0
2675,2026-04-04 13:35:37.112491,121.67,22.38,0
2676,2026-04-04 13:36:37.110958,123.33,22.38,0
2677,2026-04-04 13:37:37.107501,124.17,22.38,0
2678,2026-04-04 13:38:37.107758,125.83,22.38,0
2679,2026-04-04 13:39:37.109908,126.67,22.38,0
2680,2026-04-04 13:40:37.110262,129.17,22.38,0
2681,2026-04-04 13:41:37.11188,129.17,22.38,0
2682,2026-04-04 13:42:37.112281,131.67,22.38,0
2683,2026-04-04 13:43:37.112228,132.5,22.38,0
2684,2026-04-04 13:44:37.107495,133.33,22.38,0
2685,2026-04-04 13:45:37.111554,135,22.38,0
2686,2026-04-04 13:46:37.111937,135.83,22.38,0
2687,2026-04-04 13:47:37.107637,136.67,22.38,0
2688,2026-04-04 13:48:37.111525,138.33,22.38,0
2689,2026-04-04 13:49:37.107509,139.17,22.38,0
2690,2026-04-04 13:50:37.110797,140,22.38,0
2691,2026-04-04 13:51:37.107586,141.67,22.38,0
2692,2026-04-04 13:52:37.11152,141.67,22.38,0
2693,2026-04-04 13:53:37.112198,142.5,22.38,0
2694,2026-04-04 13:54:37.11167,143.33,22.38,0
2695,2026-04-04 13:55:37.112271,144.17,22.38,0
2696,2026-04-04 13:56:37.107535,145.83,22.38,0
2697,2026-04-04 13:57:37.112082,145.83,22.38,0
2698,2026-04-04 13:58:37.109838,146.67,22.38,0
2699,2026-04-04 13:59:37.108755,148.33,22.38,0
2700,2026-04-04 14:00:37.112398,149.17,22.38,0
2701,2026-04-04 14:01:37.11205,149.17,22.38,0
2702,2026-04-04 14:02:37.112481,150,22.38,0
2703,2026-04-04 14:03:37.112295,151.67,22.38,0
2704,2026-04-04 14:04:37.107623,151.67,22.38,0
2705,2026-04-04 14:05:37.110178,153.33,22.38,0
2706,2026-04-04 14:06:37.111733,154.17,22.38,0
2707,2026-04-04 14:07:37.107588,155.83,22.38,0
2708,2026-04-04 14:08:37.107531,155.83,22.38,0
2709,2026-04-04 14:09:37.107506,155.83,22.38,0
2710,2026-04-04 14:10:37.107515,153.33,22.38,0
2711,2026-04-04 14:11:37.112293,156.67,22.38,0
2712,2026-04-04 14:12:37.112339,158.33,22.38,0
2713,2026-04-04 14:13:37.110966,157.5,22.38,0
2714,2026-04-04 14:14:37.11176,157.5,22.38,0
2715,2026-04-04 14:15:37.108145,162.5,22.31,0
2716,2026-04-04 14:16:37.11226,162.5,22.31,0
2717,2026-04-04 14:17:37.107538,163.33,22.31,0
2718,2026-04-04 14:18:37.111717,169.17,22.31,0
2719,2026-04-04 14:19:37.109795,170.83,22.38,0
2720,2026-04-04 14:20:37.112333,171.67,22.31,0
2721,2026-04-04 14:21:37.1076,172.5,22.38,0
2722,2026-04-04 14:22:37.111453,173.33,22.38,0
2723,2026-04-04 14:23:37.107566,173.33,22.38,0
2724,2026-04-04 14:24:37.112009,175.83,22.38,0
2725,2026-04-04 14:25:37.112312,175.83,22.31,0
2726,2026-04-04 14:26:37.11102,175,22.31,0
2727,2026-04-04 14:27:37.107518,181.67,22.31,0
2728,2026-04-04 14:28:37.112016,185,22.38,0
2729,2026-04-04 14:29:37.112086,185.83,22.31,0
2730,2026-04-04 14:30:37.112272,187.5,22.31,0
2731,2026-04-04 14:31:37.111549,185.83,22.31,0
2732,2026-04-04 14:32:37.11204,190,22.31,0
2733,2026-04-04 14:33:37.112305,190.83,22.31,0
2734,2026-04-04 14:34:37.112473,191.67,22.31,0
2735,2026-04-04 14:35:37.107652,193.33,22.31,0
2736,2026-04-04 14:36:37.112113,194.17,22.31,0
2737,2026-04-04 14:37:37.107527,195.83,22.31,0
2738,2026-04-04 14:38:37.111889,195,22.31,0
2739,2026-04-04 14:39:37.111824,196.67,22.31,0
2740,2026-04-04 14:40:37.112411,199.17,22.31,0
2741,2026-04-04 14:41:37.110143,200,22.31,0
2742,2026-04-04 14:42:37.111663,200.83,22.31,0
2743,2026-04-04 14:43:37.111534,203.33,22.31,0
2744,2026-04-04 14:44:37.112051,204.17,22.31,0
2745,2026-04-04 14:45:37.107571,205.83,22.31,0
2746,2026-04-04 14:46:37.107752,206.67,22.31,0
2747,2026-04-04 14:47:37.11206,208.33,22.31,0
2748,2026-04-04 14:48:37.107541,211.67,22.31,0
2749,2026-04-04 14:49:37.107526,215,22.31,0
2750,2026-04-04 14:50:37.111783,216.67,22.31,0
2751,2026-04-04 14:51:37.111479,218.33,22.31,0
2752,2026-04-04 14:52:37.111793,219.17,22.31,0
2753,2026-04-04 14:53:37.111975,220,22.31,0
2754,2026-04-04 14:54:37.111699,220.83,22.31,0
2755,2026-04-04 14:55:37.112129,224.17,22.31,0
2756,2026-04-04 14:56:37.107245,221.67,22.31,0
2757,2026-04-04 14:57:37.112331,224.17,22.31,0
2758,2026-04-04 14:58:37.109017,225,22.31,0
2759,2026-04-04 14:59:37.112314,226.67,22.31,0
2760,2026-04-04 15:00:37.111865,228.33,22.31,0
2761,2026-04-04 15:01:37.107562,230,22.31,0
2762,2026-04-04 15:02:37.111736,229.17,22.31,0
2763,2026-04-04 15:03:37.107543,230,22.31,0
2764,2026-04-04 15:04:37.111727,224.17,22.31,0
2765,2026-04-04 15:05:37.111954,225,22.31,0
2766,2026-04-04 15:06:37.112226,227.5,22.31,0
2767,2026-04-04 15:07:37.112168,227.5,22.31,0
2768,2026-04-04 15:08:37.111822,229.17,22.31,0
2769,2026-04-04 15:09:37.112291,230,22.31,0
2770,2026-04-04 15:10:37.112468,275.83,22.31,0
2771,2026-04-04 15:11:37.111951,231.67,22.31,0
2772,2026-04-04 15:12:37.107572,233.33,22.31,0
2773,2026-04-04 15:13:37.107754,232.5,22.31,0
2774,2026-04-04 15:14:37.107599,236.67,22.31,0
2775,2026-04-04 15:15:37.110889,240.83,22.31,0
2776,2026-04-04 15:16:37.112324,242.5,22.31,0
2777,2026-04-04 15:17:37.107547,244.17,22.31,0
2778,2026-04-04 15:18:37.107521,246.67,22.31,0
2779,2026-04-04 15:19:37.111484,249.17,22.31,0
2780,2026-04-04 15:20:37.112309,252.5,22.31,0
2781,2026-04-04 15:21:37.111998,256.67,22.31,0
2782,2026-04-04 15:22:37.111075,258.33,22.31,0
2783,2026-04-04 15:23:37.107609,262.5,22.38,0
2784,2026-04-04 15:24:37.111679,265,22.31,0
2785,2026-04-04 15:25:37.112265,267.5,22.31,0
2786,2026-04-04 15:26:37.111491,269.17,22.31,0
2787,2026-04-04 15:27:37.111814,270.83,22.31,0
2788,2026-04-04 15:28:37.112579,273.33,22.31,0
2789,2026-04-04 15:29:37.112047,276.67,22.31,0
2790,2026-04-04 15:30:37.111777,280,22.31,0
2791,2026-04-04 15:31:37.112507,279.17,22.31,0
2792,2026-04-04 15:32:37.112558,281.67,22.31,0
2793,2026-04-04 15:33:37.1079,286.67,22.31,0
2794,2026-04-04 15:34:37.107627,294.17,22.31,0
2795,2026-04-04 15:35:37.10847,297.5,22.31,0
2796,2026-04-04 15:36:37.10751,300,22.38,0
2797,2026-04-04 15:37:37.107589,301.67,22.31,0
2798,2026-04-04 15:38:37.107639,305,22.31,0
2799,2026-04-04 15:39:37.111484,307.5,22.31,0
2800,2026-04-04 15:40:37.107642,314.17,22.38,0
2801,2026-04-04 15:41:37.107575,320.83,22.31,0
2802,2026-04-04 15:42:37.111781,325,22.38,0
2803,2026-04-04 15:43:37.107632,329.17,22.31,0
2804,2026-04-04 15:44:37.112105,329.17,22.31,0
2805,2026-04-04 15:45:37.111949,333.33,22.38,0
2806,2026-04-04 15:46:37.110904,335.83,22.31,0
2807,2026-04-04 15:47:37.112372,339.17,22.31,0
2808,2026-04-04 15:48:37.112783,340.83,22.38,0
2809,2026-04-04 15:49:37.112222,338.33,22.31,0
2810,2026-04-04 15:50:37.11255,336.67,22.31,0
2811,2026-04-04 15:51:37.111903,341.67,22.38,0
2812,2026-04-04 15:52:37.107729,343.33,22.38,0
2813,2026-04-04 15:53:37.107656,348.33,22.38,0
2814,2026-04-04 15:54:37.112485,350.83,22.31,0
2815,2026-04-04 15:55:37.110953,350,22.38,0
2816,2026-04-04 15:56:37.112298,350,22.31,0
2817,2026-04-04 15:57:37.110856,349.17,22.31,0
2818,2026-04-04 15:58:37.107877,348.33,22.38,0
2819,2026-04-04 15:59:37.107597,348.33,22.38,0
2820,2026-04-04 16:00:37.107716,351.67,22.38,0
2821,2026-04-04 16:01:37.112025,351.67,22.31,0
2822,2026-04-04 16:02:37.111721,353.33,22.31,0
2823,2026-04-04 16:03:37.112068,355,22.31,0
2824,2026-04-04 16:04:37.112646,356.67,22.31,0
2825,2026-04-04 16:05:37.112012,358.33,22.38,0
2826,2026-04-04 16:06:37.112122,358.33,22.38,0
2827,2026-04-04 16:07:37.111212,359.17,22.38,0
2828,2026-04-04 16:08:37.107578,360.83,22.31,0
2829,2026-04-04 16:09:37.112282,360.83,22.38,0
2830,2026-04-04 16:10:37.109402,361.67,22.38,0
2831,2026-04-04 16:11:37.111928,362.5,22.31,0
2832,2026-04-04 16:12:37.112535,363.33,22.38,0
2833,2026-04-04 16:13:37.112214,364.17,22.38,0
2834,2026-04-04 16:14:37.10769,364.17,22.38,0
2835,2026-04-04 16:15:37.112222,367.5,22.38,0
2836,2026-04-04 16:16:37.107483,369.17,22.31,0
2837,2026-04-04 16:17:37.112267,370.83,22.38,0
2838,2026-04-04 16:18:37.112518,371.67,22.38,0
2839,2026-04-04 16:19:37.107633,373.33,22.38,0
2840,2026-04-04 16:20:37.112001,375,22.31,0
2841,2026-04-04 16:21:37.10756,375.83,22.38,0
2842,2026-04-04 16:22:37.109463,375.83,22.38,0
2843,2026-04-04 16:23:37.112046,376.67,22.38,0
2844,2026-04-04 16:24:37.111541,377.5,22.31,0
2845,2026-04-04 16:25:37.111882,378.33,22.38,0
2846,2026-04-04 16:26:37.112192,379.17,22.38,0
2847,2026-04-04 16:27:37.107582,380,22.31,0
2848,2026-04-04 16:28:37.111916,380.83,22.38,0
2849,2026-04-04 16:29:37.107922,381.67,22.38,0
2850,2026-04-04 16:30:37.107619,381.67,22.38,0
2851,2026-04-04 16:31:37.112322,382.5,22.38,0
2852,2026-04-04 16:32:37.107496,382.5,22.31,0
2853,2026-04-04 16:33:37.111632,383.33,22.38,0
2854,2026-04-04 16:34:37.107616,385,22.38,0
2855,2026-04-04 16:35:37.11026,385.83,22.38,0
2856,2026-04-04 16:36:37.107609,385.83,22.38,0
2857,2026-04-04 16:37:37.111859,385.83,22.38,0
2858,2026-04-04 16:38:37.112257,387.5,22.38,0
2859,2026-04-04 16:39:37.107517,387.5,22.38,0
2860,2026-04-04 16:40:37.107567,389.17,22.38,0
2861,2026-04-04 16:41:37.107819,390.83,22.31,0
2862,2026-04-04 16:42:37.111195,392.5,22.38,0
2863,2026-04-04 16:43:37.107823,392.5,22.38,0
2864,2026-04-04 16:44:37.111906,391.67,22.38,0
2865,2026-04-04 16:45:37.108372,393.33,22.38,0
2866,2026-04-04 16:46:37.111656,395,22.38,0
2867,2026-04-04 16:47:37.112259,395.83,22.38,0
2868,2026-04-04 16:48:37.11119,396.67,22.38,0
2869,2026-04-04 16:49:37.107592,396.67,22.38,0
2870,2026-04-04 16:50:37.110818,398.33,22.38,0
2871,2026-04-04 16:51:37.111655,399.17,22.31,0
2872,2026-04-04 16:52:37.112237,402.5,22.31,0
2873,2026-04-04 16:53:37.111762,400.83,22.38,0
2874,2026-04-04 16:54:37.111628,395.83,22.38,0
2875,2026-04-04 16:55:37.107593,403.33,22.38,0
2876,2026-04-04 16:56:37.112122,403.33,22.38,0
2877,2026-04-04 16:57:37.111826,405,22.38,0
2878,2026-04-04 16:58:37.111526,405.83,22.38,0
2879,2026-04-04 16:59:37.107521,407.5,22.38,0
2880,2026-04-04 17:00:37.107556,409.17,22.38,0
2881,2026-04-04 17:01:37.111995,409.17,22.38,0
2882,2026-04-04 17:02:37.107511,413.33,22.38,0
2883,2026-04-04 17:03:37.107549,413.33,22.38,0
2884,2026-04-04 17:04:37.107627,413.33,22.38,0
2885,2026-04-04 17:05:37.112212,416.67,22.38,0
2886,2026-04-04 17:06:37.107747,416.67,22.38,0
2887,2026-04-04 17:07:37.107959,417.5,22.38,0
2888,2026-04-04 17:08:37.107557,416.67,22.38,0
2889,2026-04-04 17:09:37.107533,418.33,22.38,0
2890,2026-04-04 17:10:37.107854,418.33,22.38,0
2891,2026-04-04 17:11:37.112074,420,22.38,0
2892,2026-04-04 17:12:37.111674,420.83,22.38,0
2893,2026-04-04 17:13:37.10751,423.33,22.38,0
2894,2026-04-04 17:14:37.111098,423.33,22.38,0
2895,2026-04-04 17:15:37.112305,426.67,22.38,0
2896,2026-04-04 17:16:37.107679,427.5,22.38,0
2897,2026-04-04 17:17:37.107492,427.5,22.44,0
2898,2026-04-04 17:18:37.109624,427.5,22.38,0
2899,2026-04-04 17:19:37.112248,426.67,22.38,0
2900,2026-04-04 17:20:37.112306,426.67,22.38,0
2901,2026-04-04 17:21:37.112523,428.33,22.38,0
2902,2026-04-04 17:22:37.112272,430.83,22.38,0
2903,2026-04-04 17:23:37.112229,430,22.38,0
2904,2026-04-04 17:24:37.107655,429.17,22.38,0
2905,2026-04-04 17:25:37.112164,430.83,22.38,0
2906,2026-04-04 17:26:37.112367,432.5,22.38,0
2907,2026-04-04 17:27:37.112251,433.33,22.38,0
2908,2026-04-04 17:28:37.112495,434.17,22.38,0
2909,2026-04-04 17:29:37.112248,432.5,22.44,0
2910,2026-04-04 17:30:37.111549,433.33,22.38,0
2911,2026-04-04 17:31:37.111914,434.17,22.38,0
2912,2026-04-04 17:32:37.112001,435.83,22.44,0
2913,2026-04-04 17:33:37.112347,435,22.38,0
2914,2026-04-04 17:34:37.111792,435,22.38,0
2915,2026-04-04 17:35:37.107807,436.67,22.44,0
2916,2026-04-04 17:36:37.111888,438.33,22.44,0
2917,2026-04-04 17:37:37.107747,440,22.38,0
2918,2026-04-04 17:38:37.111079,441.67,22.44,0
2919,2026-04-04 17:39:37.111659,441.67,22.38,0
2920,2026-04-04 17:40:37.111625,441.67,22.38,0
2921,2026-04-04 17:41:37.112116,442.5,22.44,0
2922,2026-04-04 17:42:37.112256,444.17,22.44,0
2923,2026-04-04 17:43:37.108379,445.83,22.44,0
2924,2026-04-04 17:44:37.111883,446.67,22.44,0
2925,2026-04-04 17:45:37.112319,446.67,22.44,0
2926,2026-04-04 17:46:37.111454,447.5,22.44,0
2927,2026-04-04 17:47:37.112286,447.5,22.44,0
2928,2026-04-04 17:48:37.111337,448.33,22.44,0
2929,2026-04-04 17:49:37.11184,448.33,22.38,0
2930,2026-04-04 17:50:37.111892,450.83,22.44,0
2931,2026-04-04 17:51:37.10783,451.67,22.44,0
2932,2026-04-04 17:52:37.10723,453.33,22.44,0
2933,2026-04-04 17:53:37.112439,454.17,22.44,0
2934,2026-04-04 17:54:37.108135,453.33,22.44,0
2935,2026-04-04 17:55:37.111924,454.17,22.44,0
2936,2026-04-04 17:56:37.110872,453.33,22.44,0
2937,2026-04-04 17:57:37.107832,455,22.44,0
2938,2026-04-04 17:58:37.10723,455.83,22.44,0
2939,2026-04-04 17:59:37.108966,456.67,22.44,0
2940,2026-04-04 18:00:37.111349,458.33,22.44,0
2941,2026-04-04 18:01:37.112039,459.17,22.44,0
2942,2026-04-04 18:02:37.107618,461.67,22.44,0
2943,2026-04-04 18:03:37.111481,460,22.44,0
2944,2026-04-04 18:04:37.1116,461.67,22.44,0
2945,2026-04-04 18:05:37.107533,460,22.44,0
2946,2026-04-04 18:06:37.107564,461.67,22.44,0
2947,2026-04-04 18:07:37.110841,463.33,22.44,0
2948,2026-04-04 18:08:37.112548,462.5,22.44,0
2949,2026-04-04 18:09:37.112143,462.5,22.44,0
2950,2026-04-04 18:10:37.112196,460,22.44,0
2951,2026-04-04 18:11:37.110692,463.33,22.44,0
2952,2026-04-04 18:12:37.10744,465.83,22.44,0
2953,2026-04-04 18:13:37.107413,467.5,22.44,0
2954,2026-04-04 18:14:37.111248,469.17,22.44,0
2955,2026-04-04 18:15:37.10774,468.33,22.44,0
2956,2026-04-04 18:16:37.111989,470.83,22.5,0
2957,2026-04-04 18:17:37.10759,471.67,22.44,0
2958,2026-04-04 18:18:37.112237,470,22.44,0
2959,2026-04-04 18:19:37.107607,470,22.44,0
2960,2026-04-04 18:20:37.11197,471.67,22.44,0
2961,2026-04-04 18:21:37.111506,470.83,22.44,0
2962,2026-04-04 18:22:37.111864,473.33,22.5,0
2963,2026-04-04 18:23:37.112169,475,22.44,0
2964,2026-04-04 18:24:37.10755,475,22.44,0
2965,2026-04-04 18:25:37.107598,474.17,22.44,0
2966,2026-04-04 18:26:37.112456,475,22.5,0
2967,2026-04-04 18:27:37.107608,475,22.5,0
2968,2026-04-04 18:28:37.107509,473.33,22.5,0
2969,2026-04-04 18:29:37.107596,470,22.44,0
2970,2026-04-04 18:30:37.11047,469.17,22.5,0
2971,2026-04-04 18:31:37.112048,472.5,22.5,0
2972,2026-04-04 18:32:37.107565,480,22.5,0
2973,2026-04-04 18:33:37.107599,480,22.5,0
2974,2026-04-04 18:34:37.108305,476.67,22.5,0
2975,2026-04-04 18:35:37.112326,475,22.5,0
2976,2026-04-04 18:36:37.107487,475.83,22.5,0
2977,2026-04-04 18:37:37.107539,480,22.5,0
2978,2026-04-04 18:38:37.112073,480,22.5,0
2979,2026-04-04 18:39:37.111686,482.5,22.5,0
2980,2026-04-04 18:40:37.11177,485.83,22.5,0
2981,2026-04-04 18:41:37.11233,486.67,22.5,0
2982,2026-04-04 18:42:37.11137,489.17,22.5,0
2983,2026-04-04 18:43:37.107618,490,22.5,0
2984,2026-04-04 18:44:37.110871,490.83,22.5,0
2985,2026-04-04 18:45:37.111823,490,22.5,0
2986,2026-04-04 18:46:37.11223,490,22.5,0
2987,2026-04-04 18:47:37.111566,490,22.5,0
2988,2026-04-04 18:48:37.111034,490.83,22.5,0
2989,2026-04-04 18:49:37.112133,496.67,22.5,0
2990,2026-04-04 18:50:37.11233,500,22.5,0
2991,2026-04-04 18:51:37.111604,503.33,22.5,0
2992,2026-04-04 18:52:37.110976,504.17,22.5,0
2993,2026-04-04 18:53:37.111877,504.17,22.5,0
2994,2026-04-04 18:54:37.112177,505.83,22.5,0
2995,2026-04-04 18:55:37.107563,506.67,22.5,0
2996,2026-04-04 18:56:37.110966,508.33,22.5,0
2997,2026-04-04 18:57:37.112417,508.33,22.5,0
2998,2026-04-04 18:58:37.111959,509.17,22.5,0
2999,2026-04-04 18:59:37.107579,509.17,22.5,0
3000,2026-04-04 19:00:37.112313,509.17,22.56,0
3001,2026-04-04 19:01:37.111935,511.67,22.56,0
3002,2026-04-04 19:02:37.111721,514.17,22.56,0
3003,2026-04-04 19:03:37.111779,517.5,22.5,0
3004,2026-04-04 19:04:37.112079,522.5,22.5,0
3005,2026-04-04 19:05:37.11197,526.67,22.5,0
3006,2026-04-04 19:06:37.111678,531.67,22.56,0
3007,2026-04-04 19:07:37.107651,535,22.56,0
3008,2026-04-04 19:08:37.112479,537.5,22.56,0
3009,2026-04-04 19:09:37.107873,540.83,22.56,0
3010,2026-04-04 19:10:37.110784,541.67,22.56,0
3011,2026-04-04 19:11:37.107601,554.17,22.56,0
3012,2026-04-04 19:12:37.107539,582.5,22.56,0
3013,2026-04-04 19:13:37.112401,594.17,22.56,0
3014,2026-04-04 19:14:37.112048,618.33,22.56,0
3015,2026-04-04 19:15:37.11197,693.33,22.56,0
3016,2026-04-04 19:16:37.107676,725.83,22.56,0
3017,2026-04-04 19:17:37.107601,810.83,22.56,0
3018,2026-04-04 19:18:37.112529,726.67,22.56,0
3019,2026-04-04 19:19:37.107651,678.33,22.56,0
3020,2026-04-04 19:20:37.111475,561.67,22.56,0
3021,2026-04-04 19:21:37.107587,673.33,22.56,0
3022,2026-04-04 19:22:37.111813,702.5,22.56,0
3023,2026-04-04 19:23:37.110878,826.67,22.56,0
3024,2026-04-04 19:24:37.10756,798.33,22.56,0
3025,2026-04-04 19:25:37.107578,817.5,22.56,0
3026,2026-04-04 19:26:37.112166,784.17,22.56,0
3027,2026-04-04 19:27:37.111415,720,22.56,0
3028,2026-04-04 19:28:37.112422,718.33,22.56,0
3029,2026-04-04 19:29:37.112297,687.5,22.56,0
3030,2026-04-04 19:30:37.112252,672.5,22.56,0
3031,2026-04-04 19:31:37.111818,666.67,22.56,0
3032,2026-04-04 19:32:37.111809,660,22.56,0
3033,2026-04-04 19:33:37.112352,658.33,22.56,0
3034,2026-04-04 19:34:37.112238,662.5,22.56,0
3035,2026-04-04 19:35:37.107562,668.33,22.56,0
3036,2026-04-04 19:36:37.112473,668.33,22.56,0
3037,2026-04-04 19:37:37.111804,670.83,22.56,0
3038,2026-04-04 19:38:37.107525,680.83,22.56,0
3039,2026-04-04 19:39:37.1075,720,22.56,0
3040,2026-04-04 19:40:37.111813,819.17,22.56,0
3041,2026-04-04 19:41:37.10761,880,22.62,0
3042,2026-04-04 19:42:37.107813,883.33,22.62,0
3043,2026-04-04 19:43:37.112251,967.5,22.62,0
3044,2026-04-04 19:44:37.11146,1030,22.62,0
3045,2026-04-04 19:45:37.111593,1060,22.62,0
3046,2026-04-04 19:46:37.107614,1000.83,22.62,0
3047,2026-04-04 19:47:37.11201,863.33,22.56,0
3048,2026-04-04 19:48:37.109819,816.67,22.62,0
3049,2026-04-04 19:49:37.107592,850,22.62,0
3050,2026-04-04 19:50:37.112238,881.67,22.62,0
3051,2026-04-04 19:51:37.112487,930.83,22.62,0
3052,2026-04-04 19:52:37.107472,1003.33,22.62,0
3053,2026-04-04 19:53:37.111684,882.5,22.62,0
3054,2026-04-04 19:54:37.108921,791.67,22.62,0
3055,2026-04-04 19:55:37.107523,611.67,22.62,0
3056,2026-04-04 19:56:37.10753,643.33,22.62,0
3057,2026-04-04 19:57:37.108078,733.33,22.62,0
3058,2026-04-04 19:58:37.112117,609.17,22.62,0
3059,2026-04-04 19:59:37.111693,574.17,22.62,0
3060,2026-04-04 20:00:37.111907,595.83,22.62,0
3061,2026-04-04 20:01:37.112088,654.17,22.62,0
3062,2026-04-04 20:02:37.111553,750.83,22.62,0
3063,2026-04-04 20:03:37.111469,734.17,22.69,0
3064,2026-04-04 20:04:37.112169,722.5,22.62,0
3065,2026-04-04 20:05:37.108782,735.83,22.62,0
3066,2026-04-04 20:06:37.107648,749.17,22.62,0
3067,2026-04-04 20:07:37.107715,858.33,22.62,0
3068,2026-04-04 20:08:37.108243,673.33,22.69,0
3069,2026-04-04 20:09:37.112103,912.5,22.62,0
3070,2026-04-04 20:10:37.11172,885,22.62,0
3071,2026-04-04 20:11:37.112227,1025.83,22.69,0
3072,2026-04-04 20:12:37.107498,1090,22.62,0
3073,2026-04-04 20:13:37.112406,790,22.69,0
3074,2026-04-04 20:14:37.107465,810,22.69,0
3075,2026-04-04 20:15:37.111966,825.83,22.69,0
3076,2026-04-04 20:16:37.111723,867.5,22.69,0
3077,2026-04-04 20:17:37.107313,800.83,22.69,0
3078,2026-04-04 20:18:37.107663,731.67,22.69,0
3079,2026-04-04 20:19:37.107659,667.5,22.69,0
3080,2026-04-04 20:20:37.111733,635,22.69,0
3081,2026-04-04 20:21:37.107761,686.67,22.69,0
3082,2026-04-04 20:22:37.111762,865,22.69,0
3083,2026-04-04 20:23:37.108664,680,22.69,0
3084,2026-04-04 20:24:37.11226,599.17,22.69,0
3085,2026-04-04 20:25:37.110961,621.67,22.69,0
3086,2026-04-04 20:26:37.11154,622.5,22.69,0
3087,2026-04-04 20:27:37.107529,594.17,22.69,0
3088,2026-04-04 20:28:37.107686,600.83,22.69,0
3089,2026-04-04 20:29:37.107652,650.83,22.69,0
3090,2026-04-04 20:30:37.107547,705.83,22.69,0
3091,2026-04-04 20:31:37.107495,710.83,22.69,0
3092,2026-04-04 20:32:37.107268,651.67,22.69,0
3093,2026-04-04 20:33:37.112648,476.67,22.69,0
3094,2026-04-04 20:34:37.107352,350,22.69,0
3095,2026-04-04 20:35:37.107534,291.67,22.69,0
3096,2026-04-04 20:36:37.112054,332.5,22.69,0
3097,2026-04-04 20:37:37.112375,240.83,22.69,0
3098,2026-04-04 20:38:37.107625,237.5,22.75,0
3099,2026-04-04 20:39:37.111963,241.67,22.69,0
3100,2026-04-04 20:40:37.111089,216.67,22.75,0
3101,2026-04-04 20:41:37.111961,183.33,22.69,0
3102,2026-04-04 20:42:37.107631,192.5,22.69,0
3103,2026-04-04 20:43:37.107562,195.83,22.69,0
3104,2026-04-04 20:44:37.111889,217.5,22.75,0
3105,2026-04-04 20:45:37.111784,283.33,22.75,0
3106,2026-04-04 20:46:37.111887,370.83,22.69,0
3107,2026-04-04 20:47:37.112346,469.17,22.69,0
3108,2026-04-04 20:48:37.111971,480,22.75,0
3109,2026-04-04 20:49:37.107505,374.17,22.75,0
3110,2026-04-04 20:50:37.111949,316.67,22.69,0
3111,2026-04-04 20:51:37.112518,245,22.75,0
3112,2026-04-04 20:52:37.112126,204.17,22.69,0
3113,2026-04-04 20:53:37.109408,180,22.75,0
3114,2026-04-04 20:54:37.107886,174.17,22.75,0
3115,2026-04-04 20:55:37.111199,173.33,22.75,0
3116,2026-04-04 20:56:37.11376,160,22.75,0
3117,2026-04-04 20:57:37.111607,158.33,22.69,0
3118,2026-04-04 20:58:37.107602,180.83,22.75,0
3119,2026-04-04 20:59:37.107735,200,22.75,0
3120,2026-04-04 21:00:37.107601,221.67,22.75,0
3121,2026-04-04 21:01:37.107548,247.5,22.75,0
3122,2026-04-04 21:02:37.107508,287.5,22.75,0
3123,2026-04-04 21:03:37.107761,299.17,22.75,0
3124,2026-04-04 21:04:37.107524,301.67,22.75,0
3125,2026-04-04 21:05:37.107559,301.67,22.75,0
3126,2026-04-04 21:06:37.111926,293.33,22.75,0
3127,2026-04-04 21:07:37.107617,255,22.75,0
3128,2026-04-04 21:08:37.111564,237.5,22.75,0
3129,2026-04-04 21:09:37.107701,227.5,22.75,0
3130,2026-04-04 21:10:37.107581,269.17,22.75,0
3131,2026-04-04 21:11:37.111624,249.17,22.75,0
3132,2026-04-04 21:12:37.107628,202.5,22.75,0
3133,2026-04-04 21:13:37.111752,184.17,22.75,0
3134,2026-04-04 21:14:37.111713,148.33,22.5,0
3135,2026-04-04 21:15:37.112483,136.67,22.75,0
3136,2026-04-04 21:16:37.111656,139.17,22.75,0
3137,2026-04-04 21:17:37.111871,137.5,22.75,0
3138,2026-04-04 21:18:37.107641,150.83,22.75,0
3139,2026-04-04 21:19:37.107623,164.17,22.75,0
3140,2026-04-04 21:20:37.110901,162.5,22.75,0
3141,2026-04-04 21:21:37.112456,169.17,22.75,0
3142,2026-04-04 21:22:37.112316,192.5,22.75,0
3143,2026-04-04 21:23:37.107558,206.67,22.75,0
3144,2026-04-04 21:24:37.107574,209.17,22.75,0
3145,2026-04-04 21:25:37.111531,213.33,22.75,0
3146,2026-04-04 21:26:37.107627,211.67,22.75,0
3147,2026-04-04 21:27:37.111665,196.67,22.75,0
3148,2026-04-04 21:28:37.107562,185.83,22.75,0
3149,2026-04-04 21:29:37.107578,183.33,22.75,0
3150,2026-04-04 21:30:37.107537,192.5,22.75,0
3151,2026-04-04 21:31:37.108455,210.83,22.75,0
3152,2026-04-04 21:32:37.110996,230.83,22.75,0
3153,2026-04-04 21:33:37.11217,238.33,22.75,0
3154,2026-04-04 21:34:37.107648,232.5,22.75,0
3155,2026-04-04 21:35:37.111715,251.67,22.75,0
3156,2026-04-04 21:36:37.112255,295,22.75,0
3157,2026-04-04 21:37:37.112234,301.67,22.81,0
3158,2026-04-04 21:38:37.1076,261.67,22.75,0
3159,2026-04-04 21:39:37.110751,220.83,22.75,0
3160,2026-04-04 21:40:37.111683,200.83,22.75,0
3161,2026-04-04 21:41:37.11227,193.33,22.75,0
3162,2026-04-04 21:42:37.11226,202.5,22.75,0
3163,2026-04-04 21:43:37.111754,210,22.75,0
3164,2026-04-04 21:44:37.112684,200.83,22.75,0
3165,2026-04-04 21:45:37.112136,201.67,22.75,0
3166,2026-04-04 21:46:37.111932,200.83,22.75,0
3167,2026-04-04 21:47:37.107573,199.17,22.75,0
3168,2026-04-04 21:48:37.107564,204.17,22.75,0
3169,2026-04-04 21:49:37.11154,219.17,22.75,0
3170,2026-04-04 21:50:37.112192,242.5,22.75,0
3171,2026-04-04 21:51:37.111738,270,22.75,0
3172,2026-04-04 21:52:37.10774,310,22.75,0
3173,2026-04-04 21:53:37.111607,315,22.75,0
3174,2026-04-04 21:54:37.108047,321.67,22.75,0
3175,2026-04-04 21:55:37.110527,330,22.75,0
3176,2026-04-04 21:56:37.111673,345.83,22.75,0
3177,2026-04-04 21:57:37.107614,345.83,22.75,0
3178,2026-04-04 21:58:37.107496,280.83,22.81,0
3179,2026-04-04 21:59:37.110469,229.17,22.75,0
3180,2026-04-04 22:00:37.112015,201.67,22.75,0
3181,2026-04-04 22:01:37.112149,186.67,22.75,0
3182,2026-04-04 22:02:37.11232,175.83,22.75,0
3183,2026-04-04 22:03:37.111513,173.33,22.75,0
3184,2026-04-04 22:04:37.109359,185,22.75,0
3185,2026-04-04 22:05:37.112291,181.67,22.81,0
3186,2026-04-04 22:06:37.111584,167.5,22.75,0
3187,2026-04-04 22:07:37.112924,126.67,22.75,0
3188,2026-04-04 22:08:37.112015,105,22.75,0
3189,2026-04-04 22:09:37.11134,93.33,22.75,0
3190,2026-04-04 22:10:37.107643,89.17,22.75,0
3191,2026-04-04 22:11:37.111918,85.83,22.75,0
3192,2026-04-04 22:12:37.1117,80.83,22.81,0
3193,2026-04-04 22:13:37.111196,77.5,22.75,0
3194,2026-04-04 22:14:37.11207,77.5,22.75,0
3195,2026-04-04 22:15:37.111016,80,22.81,0
3196,2026-04-04 22:16:37.112159,80,22.75,0
3197,2026-04-04 22:17:37.111661,80.83,22.75,0
3198,2026-04-04 22:18:37.111775,83.33,22.75,0
3199,2026-04-04 22:19:37.112313,85,22.75,0
3200,2026-04-04 22:20:37.11207,91.67,22.75,0
3201,2026-04-04 22:21:37.110797,96.67,22.75,0
3202,2026-04-04 22:22:37.113757,99.17,22.75,0
3203,2026-04-04 22:23:37.111768,98.33,22.75,0
3204,2026-04-04 22:24:37.111443,95,22.75,0
3205,2026-04-04 22:25:37.107624,92.5,22.75,0
3206,2026-04-04 22:26:37.112202,84.17,22.81,0
3207,2026-04-04 22:27:37.10782,75,22.75,0
3208,2026-04-04 22:28:37.107648,70,22.75,0
3209,2026-04-04 22:29:37.110837,63.33,22.81,0
3210,2026-04-04 22:30:37.111662,57.5,22.81,0
3211,2026-04-04 22:31:37.112257,49.17,22.75,0
3212,2026-04-04 22:32:37.112664,42.5,22.75,0
3213,2026-04-04 22:33:37.11235,38.33,22.75,0
3214,2026-04-04 22:34:37.11155,34.17,22.81,0
3215,2026-04-04 22:35:37.112602,30,22.75,0
3216,2026-04-04 22:36:37.112248,28.33,22.75,0
3217,2026-04-04 22:37:37.107824,26.67,22.75,0
3218,2026-04-04 22:38:37.112262,24.17,22.75,0
3219,2026-04-04 22:39:37.112313,22.5,22.81,0
3220,2026-04-04 22:40:37.112029,20,22.75,0
3221,2026-04-04 22:41:37.10885,17.5,22.75,0
3222,2026-04-04 22:42:37.107602,15.83,22.75,0
3223,2026-04-04 22:43:37.111864,15,22.75,0
3224,2026-04-04 22:44:37.112033,14.17,22.75,0
3225,2026-04-04 22:45:37.112528,15,22.75,0
3226,2026-04-04 22:46:37.112426,15,22.75,0
3227,2026-04-04 22:47:37.111523,16.67,22.75,0
3228,2026-04-04 22:48:37.10776,15.83,22.75,0
3229,2026-04-04 22:49:37.107598,18.33,22.75,0
3230,2026-04-04 22:50:37.107563,19.17,22.75,0
3231,2026-04-04 22:51:37.107629,20,22.81,0
3232,2026-04-04 22:52:37.111221,18.33,22.75,0
3233,2026-04-04 22:53:37.112143,16.67,22.75,0
3234,2026-04-04 22:54:37.112649,16.67,22.75,0
3235,2026-04-04 22:55:37.112224,15.83,22.75,0
3236,2026-04-04 22:56:37.111636,15.83,22.75,0
3237,2026-04-04 22:57:37.112545,15.83,22.75,0
3238,2026-04-04 22:58:37.111676,17.5,22.75,0
3239,2026-04-04 22:59:37.11222,20,22.75,0
3240,2026-04-04 23:00:37.107768,21.67,22.75,0
3241,2026-04-04 23:01:37.107579,25,22.75,0
3242,2026-04-04 23:02:37.112126,25.83,22.75,0
3243,2026-04-04 23:03:37.112636,26.67,22.75,0
3244,2026-04-04 23:04:37.107723,27.5,22.75,0
3245,2026-04-04 23:05:37.112183,27.5,22.75,0
3246,2026-04-04 23:06:37.11158,26.67,22.75,0
3247,2026-04-04 23:07:37.112022,25,22.81,0
3248,2026-04-04 23:08:37.112487,24.17,22.75,0
3249,2026-04-04 23:09:37.11223,23.33,22.75,0
3250,2026-04-04 23:10:37.111892,21.67,22.75,0
3251,2026-04-04 23:11:37.112539,20.83,22.75,0
3252,2026-04-04 23:12:37.112268,20.83,22.75,0
3253,2026-04-04 23:13:37.111952,21.67,22.75,0
3254,2026-04-04 23:14:37.112203,23.33,22.75,0
3255,2026-04-04 23:15:37.111098,23.33,22.75,0
3256,2026-04-04 23:16:37.107887,22.5,22.75,0
3257,2026-04-04 23:17:37.110868,20,22.75,0
3258,2026-04-04 23:18:37.10766,17.5,22.75,0
3259,2026-04-04 23:19:37.109847,15.83,22.75,0
3260,2026-04-04 23:20:37.108008,15.83,22.75,0
3261,2026-04-04 23:21:37.111002,15.83,22.75,0
3262,2026-04-04 23:22:37.112236,15.83,22.75,0
3263,2026-04-04 23:23:37.112242,15.83,22.75,0
3264,2026-04-04 23:24:37.107679,15.83,22.75,0
3265,2026-04-04 23:25:37.107572,16.67,22.75,0
3266,2026-04-04 23:26:37.111699,17.5,22.75,0
3267,2026-04-04 23:27:37.107699,17.5,22.75,0
3268,2026-04-04 23:28:37.10725,19.17,22.75,0
3269,2026-04-04 23:29:37.111661,19.17,22.75,0
3270,2026-04-04 23:30:37.110997,18.33,22.81,0
3271,2026-04-04 23:31:37.111103,19.17,22.75,0
3272,2026-04-04 23:32:37.112323,20.83,22.75,0
3273,2026-04-04 23:33:37.107668,23.33,22.75,0
3274,2026-04-04 23:34:37.112591,27.5,22.75,0
3275,2026-04-04 23:35:37.111553,25.83,22.75,0
3276,2026-04-04 23:36:37.112226,24.17,22.75,0
3277,2026-04-04 23:37:37.107684,27.5,22.75,0
3278,2026-04-04 23:38:37.109199,32.5,22.75,0
3279,2026-04-04 23:39:37.112006,35,22.75,0
3280,2026-04-04 23:40:37.111548,34.17,22.75,0
3281,2026-04-04 23:41:37.112027,45,22.75,0
3282,2026-04-04 23:42:37.111787,50,22.75,0
3283,2026-04-04 23:43:37.112253,59.17,22.75,0
3284,2026-04-04 23:44:37.11212,74.17,22.75,0
3285,2026-04-04 23:45:37.112169,57.5,22.75,0
3286,2026-04-04 23:46:37.112479,43.33,22.75,0
3287,2026-04-04 23:47:37.111634,45.83,22.75,0
3288,2026-04-04 23:48:37.112677,49.17,22.75,0
3289,2026-04-04 23:49:37.107589,57.5,22.75,0
3290,2026-04-04 23:50:37.112269,65,22.75,0
3291,2026-04-04 23:51:37.111099,71.67,22.75,0
3292,2026-04-04 23:52:37.11222,82.5,22.75,0
3293,2026-04-04 23:53:37.107595,106.67,22.75,0
3294,2026-04-04 23:54:37.107677,133.33,22.75,0
3295,2026-04-04 23:55:37.108035,149.17,22.75,0
3296,2026-04-04 23:56:37.107559,184.17,22.75,0
3297,2026-04-04 23:57:37.107628,229.17,22.75,0
3298,2026-04-04 23:58:37.111446,225,22.75,0
3299,2026-04-04 23:59:37.107784,244.17,22.75,0
3300,2026-04-05 00:00:37.107622,262.5,22.75,0
3301,2026-04-05 00:01:37.109089,232.5,22.75,0
3302,2026-04-05 00:02:37.112296,222.5,22.75,0
3303,2026-04-05 00:03:37.111998,215.83,22.75,0
3304,2026-04-05 00:04:37.11232,240,22.75,0
3305,2026-04-05 00:05:37.107555,275.83,22.75,0
3306,2026-04-05 00:06:37.112123,263.33,22.75,0
3307,2026-04-05 00:07:37.111881,215,22.75,0
3308,2026-04-05 00:08:37.111967,195,22.75,0
3309,2026-04-05 00:09:37.107565,177.5,22.75,0
3310,2026-04-05 00:10:37.112482,161.67,22.75,0
3311,2026-04-05 00:11:37.112378,150.83,22.75,0
3312,2026-04-05 00:12:37.107546,144.17,22.75,0
3313,2026-04-05 00:13:37.11154,140.83,22.75,0
3314,2026-04-05 00:14:37.112349,138.33,22.75,0
3315,2026-04-05 00:15:37.112494,133.33,22.75,0
3316,2026-04-05 00:16:37.112117,146.67,22.75,0
3317,2026-04-05 00:17:37.111839,163.33,22.75,0
3318,2026-04-05 00:18:37.109368,160,22.75,0
3319,2026-04-05 00:19:37.111776,170.83,22.75,0
3320,2026-04-05 00:20:37.111587,152.5,22.81,0
3321,2026-04-05 00:21:37.107624,133.33,22.75,0
3322,2026-04-05 00:22:37.107625,120.83,22.75,0
3323,2026-04-05 00:23:37.107609,115,22.75,0
3324,2026-04-05 00:24:37.112205,102.5,22.75,0
3325,2026-04-05 00:25:37.112146,90.83,22.75,0
3326,2026-04-05 00:26:37.107533,83.33,22.75,0
3327,2026-04-05 00:27:37.111689,78.33,22.75,0
3328,2026-04-05 00:28:37.112163,74.17,22.75,0
3329,2026-04-05 00:29:37.112169,68.33,22.75,0
3330,2026-04-05 00:30:37.11242,61.67,22.75,0
3331,2026-04-05 00:31:37.107556,55.83,22.81,0
3332,2026-04-05 00:32:37.112082,50.83,22.75,0
3333,2026-04-05 00:33:37.11082,46.67,22.81,0
3334,2026-04-05 00:34:37.107554,42.5,22.75,0
3335,2026-04-05 00:35:37.112263,38.33,22.75,0
3336,2026-04-05 00:36:37.109451,35.83,22.75,0
3337,2026-04-05 00:37:37.107677,29.17,22.75,0
3338,2026-04-05 00:38:37.112434,25,22.75,0
3339,2026-04-05 00:39:37.11233,19.17,22.75,0
3340,2026-04-05 00:40:37.112326,16.67,22.75,0
3341,2026-04-05 00:41:37.112085,14.17,22.75,0
3342,2026-04-05 00:42:37.112438,13.33,22.75,0
3343,2026-04-05 00:43:37.1125,11.67,22.81,0
3344,2026-04-05 00:44:37.112401,10,22.75,0
3345,2026-04-05 00:45:37.112271,9.17,22.75,0
3346,2026-04-05 00:46:37.112366,8.33,22.75,0
3347,2026-04-05 00:47:37.112447,9.17,22.75,0
3348,2026-04-05 00:48:37.111769,10,22.75,0
3349,2026-04-05 00:49:37.111852,10.83,22.75,0
3350,2026-04-05 00:50:37.111962,10.83,22.75,0
3351,2026-04-05 00:51:37.111722,10.83,22.75,0
3352,2026-04-05 00:52:37.111526,10,22.75,0
3353,2026-04-05 00:53:37.111964,8.33,22.75,0
3354,2026-04-05 00:54:37.107489,5.83,22.75,82.19
3355,2026-04-05 00:55:37.112018,4.17,22.75,0
3356,2026-04-05 00:56:37.111546,3.33,22.75,0
3357,2026-04-05 00:57:37.11203,3.33,22.75,0
3358,2026-04-05 00:58:37.11097,3.33,22.75,0
3359,2026-04-05 00:59:37.111984,2.5,22.75,0
3360,2026-04-05 01:00:37.1121,1.67,22.75,0
3361,2026-04-05 01:01:37.111912,1.67,22.75,0
3362,2026-04-05 01:02:37.10761,1.67,22.75,0
3363,2026-04-05 01:03:37.112314,0.83,22.75,0
3364,2026-04-05 01:04:37.107648,0.83,22.75,0
3365,2026-04-05 01:05:37.107698,0.83,22.75,0
3366,2026-04-05 01:06:37.11191,0.83,22.75,0
3367,2026-04-05 01:07:37.11083,0,22.75,0
3368,2026-04-05 01:08:37.107562,0,22.75,0
3369,2026-04-05 01:09:37.111539,0,22.75,0
3370,2026-04-05 01:10:37.111899,0.83,22.75,0
3371,2026-04-05 01:11:37.10761,0,22.75,0
3372,2026-04-05 01:12:37.107491,0,22.75,0
3373,2026-04-05 01:13:37.108996,0,22.75,0
3374,2026-04-05 01:14:37.112554,0,22.75,0
3375,2026-04-05 01:15:37.111527,0,22.75,0
3376,2026-04-05 01:16:37.111568,0,22.75,0
3377,2026-04-05 01:17:37.111973,0,22.75,0
3378,2026-04-05 01:18:37.107703,0,22.75,0
3379,2026-04-05 01:19:37.112102,0,22.75,0
3380,2026-04-05 01:20:37.11159,0,22.75,0
3381,2026-04-05 01:21:37.107551,0,22.75,0
3382,2026-04-05 01:22:37.111623,0,22.75,0
3383,2026-04-05 01:23:37.111686,27.5,22.75,0
3384,2026-04-05 01:24:37.112492,25,22.75,0
3385,2026-04-05 01:25:37.112331,26.67,22.75,0
3386,2026-04-05 01:26:37.107629,25.83,22.75,0
3387,2026-04-05 01:27:37.11312,25.83,22.75,0
3388,2026-04-05 01:28:37.107805,23.33,22.75,0
3389,2026-04-05 01:29:37.111733,22.5,22.75,0
3390,2026-04-05 01:30:37.112077,25,22.75,0
3391,2026-04-05 01:31:37.112377,24.17,22.75,0
3392,2026-04-05 01:32:37.110281,25,22.75,0
3393,2026-04-05 01:33:37.111373,25,22.75,0
3394,2026-04-05 01:34:37.107664,25,22.75,0
3395,2026-04-05 01:35:37.112454,24.17,22.75,0
3396,2026-04-05 01:36:37.111896,25,22.75,0
3397,2026-04-05 01:37:37.111719,24.17,22.75,0
3398,2026-04-05 01:38:37.107759,25,22.75,0
3399,2026-04-05 01:39:37.107969,24.17,22.75,0
3400,2026-04-05 01:40:37.111589,25,22.75,0
3401,2026-04-05 01:41:37.111533,24.17,22.75,0
3402,2026-04-05 01:42:37.112347,24.17,22.75,0
3403,2026-04-05 01:43:37.111498,24.17,22.75,0
3404,2026-04-05 01:44:37.107644,23.33,22.75,0
3405,2026-04-05 01:45:37.11174,24.17,22.75,0
3406,2026-04-05 01:46:37.109874,23.33,22.75,0
3407,2026-04-05 01:47:37.112308,24.17,22.75,0
3408,2026-04-05 01:48:37.10748,25,22.75,0
3409,2026-04-05 01:49:37.110295,25,22.75,0
3410,2026-04-05 01:50:37.107608,27.5,22.75,0
3411,2026-04-05 01:51:37.107545,26.67,22.75,0
3412,2026-04-05 01:52:37.11194,26.67,22.75,0
3413,2026-04-05 01:53:37.112307,27.5,22.75,0
3414,2026-04-05 01:54:37.107638,25.83,22.75,0
3415,2026-04-05 01:55:37.111891,26.67,22.75,0
